valor,area,dist_playa,dist_mercado,piscina
4600.0,280,0.241,0.794,1
900.0,208,0.904,0.134,1
2550.0,170,0.06,0.423,1
550.0,100,2.883,0.525,0
2200.0,164,0.24,0.192,0
1449.99,143,5.12,0.043,0
464.0,107,7.847,0.158,0
1050.0,87,0.19,0.555,1
1580.0,155,2.242,0.001,1
4200.0,348,0.105,0.855,1
1300.0,70,0.336,0.62,0
1200.0,156,0.151,0.914,1
460.0,73,4.321,0.626,1
435.0,51,1.699,0.955,0
3450.0,173,0.042,0.826,0
390.0,68,1.175,0.332,0
1150.0,80,0.0,0.54,1
1189.0,82,0.764,0.229,1
560.0,85,6.393,0.116,0
850.0,90,1.007,0.849,1
440.0,79,7.717,0.642,0
375.0,41,3.251,0.528,0
490.0,57,1.889,0.51,0
230.0,55,5.652,0.371,0
160.0,55,8.074,0.038,0
4100.0,173,2.196,0.714,1
4500.0,200,0.341,0.229,0
740.0,96,1.234,0.721,0
360.0,38,0.953,0.762,0
370.0,79,6.863,0.188,0
450.0,76,7.908,0.808,0
530.0,78,1.028,0.133,0
1100.0,73,2.467,0.869,0
410.0,65,6.795,0.742,1
680.0,67,6.597,0.102,1
580.0,89,0.949,0.177,1
2500.0,350,0.426,0.075,1
250.0,58,6.167,0.758,0
250.0,53,4.672,0.239,0
4250.0,487,2.314,0.43,1
233.0,36,5.459,0.697,0
562.0,110,6.86,0.837,0
2300.0,143,2.551,0.091,0
225.0,68,7.7,0.047,1
1050.0,105,1.148,0.297,1
260.0,55,7.613,0.094,0
2350.0,242,0.452,0.959,1
180.0,51,4.171,0.417,0
5800.0,180,0.055,0.728,1
4500.0,333,0.11,0.682,0
270.0,52,7.19,0.854,1
1150.0,70,0.054,0.987,1
650.0,91,4.452,0.428,1
290.0,52,10.314,0.931,1
2500.0,140,0.593,0.662,1
2000.0,140,0.091,0.729,1
740.0,140,1.554,0.503,0
750.0,54,0.386,0.536,0
440.0,69,5.654,0.861,0
495.0,91,7.854,0.444,0
995.8,68,5.24,0.039,1
1699.0,110,1.369,0.103,1
435.0,35,0.606,0.189,1
535.0,82,3.335,0.621,0
900.0,140,1.362,0.536,1
435.0,41,0.081,0.526,0
308.0,53,0.971,0.618,0
679.99,115,9.583,0.977,1
1170.0,232,1.441,0.828,0
340.0,66,7.518,0.908,1
3200.0,276,0.363,0.459,1
360.0,70,8.05,0.909,0
2900.0,260,1.581,0.26,0
1450.0,60,0.584,0.904,1
650.0,80,0.416,0.241,0
690.0,80,0.948,0.981,0
440.0,65,4.701,0.923,0
16500.0,300,0.0,0.516,0
472.52,71,1.722,0.368,0
950.0,86,1.187,0.261,0
395.0,75,6.773,0.336,1
1980.0,171,0.278,0.832,1
536.0,87,0.872,0.972,0
750.0,110,6.082,0.736,0
823.6,114,8.836,0.485,1
2500.0,160,0.105,0.166,1
4000.0,244,0.05,0.288,1
199.0,20,2.533,0.449,0
300.0,75,4.46,0.539,1
3700.0,307,3.295,0.401,1
299.0,54,6.049,0.897,0
328.0,56,5.851,0.781,0
1500.0,95,0.341,0.046,1
950.0,177,7.596,0.026,1
640.0,75,5.59,0.344,0
805.0,84,5.825,0.253,0
225.0,60,7.556,0.069,0
630.0,96,5.164,0.233,0
1200.0,156,5.164,0.541,0
430.0,65,4.763,0.181,0
5500.0,340,0.102,0.177,0
1950.0,209,5.437,0.343,1
275.0,56,8.133,0.424,0
950.0,131,0.475,0.268,1
1050.0,100,0.035,0.032,1
650.0,90,6.115,0.99,0
1350.0,120,0.128,0.218,1
3160.0,135,0.013,0.503,1
230.0,60,8.195,0.047,0
1300.0,100,6.118,0.163,0
2200.0,233,0.848,0.52,1
975.0,110,1.559,0.165,0
1130.0,182,8.148,0.109,1
1100.0,80,0.973,0.296,1
895.0,115,2.743,0.398,1
650.0,94,1.141,0.139,1
320.0,51,9.076,0.229,1
378.0,80,7.842,0.649,0
499.0,70,0.677,0.04,1
3600.0,262,0.681,0.087,1
3995.0,296,3.295,0.427,1
1100.0,76,0.256,0.372,1
1680.0,200,0.444,0.671,1
230.0,55,7.188,0.392,0
650.0,95,1.554,0.892,0
2200.0,200,0.366,0.597,1
1090.0,76,0.575,0.348,1
1470.0,140,0.816,0.451,1
200.0,42,3.142,0.864,0
750.0,160,5.728,0.303,0
1400.0,92,0.537,0.841,1
189.0,70,5.974,0.366,0
1195.0,75,0.683,0.955,0
1350.0,374,0.753,0.799,1
1050.0,69,2.451,0.169,1
3300.0,140,0.502,0.103,1
350.0,30,0.37,0.611,0
600.0,91,7.726,0.297,0
399.0,58,6.18,0.746,0
388.44,36,2.094,0.357,1
350.0,59,4.451,0.196,1
790.0,30,0.364,0.821,0
140.0,50,14.38,0.425,0
2350.0,233,1.487,0.653,1
1600.0,80,0.443,0.611,1
280.0,65,8.54,0.309,0
2730.0,80,0.055,0.676,1
820.0,92,6.464,0.25,1
230.0,55,5.324,0.915,0
415.0,78,4.424,0.331,0
640.0,56,0.915,0.727,1
1800.0,190,0.002,0.272,1
390.0,60,5.214,0.117,0
465.0,83,8.409,0.797,0
199.9,48,7.808,0.45,1
3150.0,285,0.196,0.624,1
260.0,60,7.181,0.121,0
6500.0,300,0.118,0.352,1
1240.0,122,0.43,0.453,1
1830.0,135,0.369,0.265,1
890.0,87,0.645,0.442,1
15000.0,598,0.0,0.857,1
700.0,75,0.272,0.152,0
1120.0,111,1.228,0.657,1
260.0,75,5.21,0.663,0
364.9,67,3.898,0.553,1
700.0,110,6.913,0.127,0
640.0,102,6.119,0.183,0
350.0,63,4.058,0.42,0
1100.0,190,0.62,0.263,1
3800.0,170,0.013,0.821,1
1099.0,160,3.305,0.093,0
1200.0,216,1.082,0.555,1
5300.0,450,0.039,0.207,1
1550.0,249,1.262,0.334,1
4200.0,250,0.571,0.211,0
950.0,203,5.147,0.237,1
990.0,115,1.559,0.174,1
580.0,65,5.676,0.893,1
350.0,68,3.295,0.053,0
1850.0,107,0.724,0.322,1
385.0,70,7.913,0.662,0
2500.0,130,0.0,0.57,1
1050.0,80,0.348,0.556,1
170.0,50,9.468,0.712,0
750.0,280,0.704,0.16,0
2500.0,173,0.492,0.451,1
450.0,52,6.208,0.239,0
8000.0,372,1.342,0.631,1
270.0,50,5.263,0.919,0
850.0,138,1.166,0.135,0
225.0,32,4.27,0.563,1
449.0,97,7.908,0.386,1
4700.0,370,2.487,0.523,1
820.0,219,8.164,0.319,1
3990.0,513,0.173,0.842,1
589.0,166,9.564,0.237,0
4500.0,570,0.333,0.149,1
550.0,45,0.191,0.391,1
850.0,142,1.657,0.492,1
1550.0,70,0.183,0.444,1
380.0,85,7.519,0.15,0
540.0,106,5.652,0.029,0
1600.0,93,1.069,0.659,1
820.0,75,0.381,0.344,1
4680.0,490,6.027,0.011,0
580.0,50,2.129,0.878,0
165.0,26,1.234,0.418,0
320.0,67,6.613,0.013,0
380.0,45,2.192,0.501,0
900.0,95,0.597,0.525,1
400.0,66,3.095,0.962,0
850.0,110,0.349,0.968,1
949.99,106,4.411,0.173,1
900.0,89,0.942,0.201,1
632.0,128,7.653,0.575,0
670.0,88,1.63,0.884,0
495.0,64,6.617,0.665,0
2490.0,170,0.0,0.113,1
358.0,92,9.347,0.319,1
2700.0,150,0.372,0.901,1
1700.0,78,0.317,0.285,1
112.0,44,10.343,0.893,0
370.0,65,6.202,0.482,0
590.0,44,0.866,0.712,0
399.0,85,6.247,0.375,0
480.0,74,4.417,0.633,1
1790.0,110,0.376,0.67,1
370.0,65,6.354,0.68,1
1250.0,80,0.436,0.916,1
3150.0,190,1.899,0.869,1
278.0,62,7.32,0.988,0
690.0,140,7.63,0.954,0
850.0,100,0.501,0.601,1
2650.0,100,0.71,0.718,0
1799.99,170,1.643,0.967,1
450.0,33,0.338,0.142,0
509.9,85,7.874,0.471,0
1200.0,99,0.34,0.464,1
270.0,33,2.437,0.705,0
450.0,40,0.397,0.679,1
600.0,200,8.159,0.768,1
275.0,68,3.949,0.256,1
300.0,36,1.112,0.522,0
280.0,51,9.162,0.213,0
950.0,94,0.748,0.514,1
800.0,93,6.454,0.95,0
1400.0,111,0.611,0.885,1
352.0,66,8.151,0.543,1
680.0,54,0.377,0.793,1
359.9,65,4.002,0.693,0
3200.0,320,2.633,0.996,1
1995.0,175,0.51,0.165,1
2300.0,220,8.438,0.734,1
451.0,69,5.018,0.86,0
500.0,85,1.146,0.748,0
2200.0,215,1.048,0.458,1
1300.0,150,6.191,0.751,1
8600.0,317,2.569,0.477,1
240.0,50,7.696,0.416,0
1140.0,111,0.484,0.804,1
850.0,72,1.197,0.961,1
3200.0,207,2.122,0.196,0
740.0,63,0.847,0.28,0
495.0,68,0.769,0.109,1
549.0,82,6.829,0.181,0
690.0,43,0.545,0.141,0
1100.0,86,0.907,0.229,1
420.0,82,8.548,0.667,0
2750.0,308,0.514,0.67,1
5300.0,215,0.181,0.245,1
1150.0,92,0.555,0.116,1
450.0,67,4.597,0.073,1
3990.0,180,0.226,0.624,1
6350.0,344,0.138,0.063,1
256.0,46,9.186,0.672,0
489.0,130,7.818,0.844,0
290.0,75,6.476,0.85,0
880.0,102,1.146,0.553,1
1300.0,107,3.295,0.482,1
4000.0,466,1.585,0.183,1
4800.0,200,0.175,0.543,1
575.0,38,1.554,0.075,0
1900.0,130,1.117,0.432,0
970.0,93,5.246,0.171,1
680.0,75,0.45,0.138,0
4950.0,301,0.047,0.309,1
200.0,50,9.125,0.115,0
3500.0,339,0.506,0.621,1
750.0,66,0.017,0.754,0
330.0,64,7.908,0.99,0
1100.0,170,0.588,0.18,0
645.0,38,1.748,0.98,1
520.0,75,5.696,0.405,0
2150.0,200,0.135,0.552,0
998.0,185,6.522,0.945,1
240.0,65,7.518,0.026,0
990.0,100,0.146,0.811,1
2500.0,160,2.53,0.516,1
165.0,48,11.223,0.392,0
1380.0,117,0.815,0.141,0
720.0,130,6.169,0.908,0
575.0,84,5.699,0.985,0
2999.0,300,1.525,0.62,1
245.0,75,13.457,0.32,0
1590.0,133,0.091,0.659,1
829.0,148,1.829,0.437,1
1590.0,140,0.45,0.866,1
12000.0,492,2.705,0.176,1
1080.0,146,4.803,0.347,1
280.0,75,5.825,0.423,0
2200.0,100,0.11,0.308,0
1500.0,124,2.498,0.115,0
1300.0,70,0.469,0.126,1
205.0,47,5.324,0.113,1
550.0,92,7.899,0.097,0
300.0,100,9.454,0.052,0
670.0,77,0.735,0.233,0
1250.0,60,0.348,0.196,0
630.0,94,4.487,0.51,0
799.0,85,0.451,0.201,0
650.0,72,6.468,0.317,0
3190.0,380,2.242,0.951,1
416.7,63,4.616,0.449,0
490.0,43,0.144,0.629,1
1048.0,99,1.048,0.27,1
165.0,49,2.735,0.851,0
600.0,135,7.091,0.968,0
219.5,57,8.486,0.668,0
930.0,82,0.732,0.204,1
800.0,70,0.079,0.159,0
1179.99,143,5.12,0.883,1
350.0,59,8.177,0.538,0
1050.0,69,0.618,0.171,0
750.0,65,0.932,0.447,0
1400.0,120,0.364,0.436,0
685.0,40,0.478,0.164,1
1100.0,91,0.664,0.303,1
1450.0,194,0.848,0.491,1
1100.0,90,0.612,0.327,0
370.0,71,8.342,0.051,0
577.0,78,4.852,0.963,0
569.0,130,7.353,0.319,0
450.0,75,6.582,0.887,0
320.0,90,6.9,0.223,0
1722.23,72,0.285,0.141,1
290.0,77,8.505,0.547,0
550.0,70,0.949,0.408,0
600.0,95,1.177,0.391,0
1000.0,76,2.413,0.856,1
215.0,60,6.195,0.054,0
430.0,70,6.216,0.711,1
730.0,96,8.349,0.065,0
800.0,72,0.513,0.366,0
1890.0,175,0.565,0.137,0
2055.0,90,0.236,0.5,1
425.0,68,8.267,0.653,0
859.0,154,0.622,0.818,1
439.0,69,5.983,0.481,1
1400.0,109,0.354,0.77,1
630.0,100,6.894,0.185,0
760.0,75,7.699,0.955,0
850.0,76,1.105,0.553,1
674.5,73,6.746,0.647,0
895.0,118,1.289,0.598,1
2350.0,194,0.356,0.722,1
4200.0,390,0.084,0.212,1
2400.0,170,0.395,0.062,1
700.0,177,3.123,0.755,0
865.0,95,1.083,0.402,0
210.0,53,7.798,0.948,0
600.0,41,0.112,0.772,0
6600.0,280,0.108,0.902,0
155.0,40,5.859,0.716,0
450.0,92,7.778,0.705,0
519.0,72,1.512,0.327,0
1750.0,352,0.388,0.623,1
699.0,162,8.239,0.557,0
370.0,72,8.772,1.0,1
230.0,67,7.256,0.427,0
4600.0,292,1.641,0.339,0
1590.0,135,0.129,0.254,1
245.0,61,12.011,0.934,0
957.45,130,8.537,0.32,1
950.0,70,2.243,0.516,1
410.0,106,5.596,0.182,1
2180.0,190,0.316,0.008,1
1100.0,120,3.295,0.901,0
590.0,70,7.227,0.535,0
570.0,70,6.208,0.288,1
895.0,90,1.083,0.84,1
750.0,91,8.645,0.413,0
1390.0,130,1.147,0.082,1
595.0,40,0.558,0.151,0
1350.0,140,1.183,0.356,1
450.0,81,8.179,0.971,1
243.0,59,7.233,0.613,1
385.0,100,6.844,0.78,0
580.0,92,6.608,0.244,0
389.0,72,2.055,0.846,0
264.9,64,5.493,0.996,0
1050.0,100,0.719,0.183,1
690.0,65,0.73,0.958,0
789.0,206,7.898,0.638,1
4200.0,260,0.064,0.981,1
535.1,75,2.808,0.141,1
200.0,60,5.476,0.269,0
290.0,88,7.508,0.562,0
1695.0,171,4.739,0.032,1
480.0,63,4.449,0.952,0
455.0,83,5.042,0.21,0
590.0,140,4.491,0.553,1
520.0,90,7.463,0.618,1
1890.0,90,1.372,0.712,1
999.0,140,0.219,0.31,1
3650.0,173,2.676,0.821,1
3500.0,350,2.25,0.717,1
610.0,148,2.805,0.685,0
688.0,227,1.938,0.495,0
340.0,72,3.295,0.27,0
880.0,70,0.854,0.845,1
3400.0,131,0.013,0.077,1
550.0,170,6.108,0.298,0
530.0,120,1.067,0.822,0
355.0,64,4.766,0.094,0
1280.0,129,0.932,0.684,1
1200.0,120,1.126,0.213,1
740.0,62,0.34,0.336,1
235.0,50,5.075,0.789,0
1090.0,138,4.597,0.381,0
690.0,90,6.659,0.493,0
760.0,152,6.369,0.903,0
1780.0,180,0.14,0.474,1
655.0,60,6.393,0.387,0
7795.0,250,0.263,0.991,0
1300.0,110,0.51,0.742,1
810.0,91,0.523,1.0,0
1410.0,86,1.702,0.442,1
540.0,50,0.604,0.265,0
2800.0,280,0.567,0.528,0
3800.0,146,0.695,0.343,0
439.9,127,10.481,0.118,1
900.0,160,0.846,0.927,1
499.0,170,7.645,0.659,0
395.0,87,10.473,0.621,1
225.0,65,3.105,0.987,1
590.0,87,6.117,0.333,1
200.0,52,7.731,0.243,0
269.0,55,6.635,0.326,0
990.0,90,0.707,0.061,0
290.0,62,8.794,0.396,0
899.9,97,0.804,0.657,1
1800.0,85,0.571,0.404,1
850.0,82,1.679,0.488,1
610.0,70,4.579,0.014,0
3800.0,140,0.0,0.776,1
125.0,52,13.254,0.39,0
895.0,125,0.664,0.484,1
420.0,70,0.964,0.768,0
555.0,120,1.467,0.169,0
1080.0,95,0.123,0.024,0
595.0,41,0.124,0.315,0
840.0,138,0.195,0.242,1
860.0,75,0.13,0.758,1
715.0,89,4.455,0.146,1
360.0,70,1.87,0.813,0
3500.0,200,0.132,0.29,1
700.0,140,5.903,0.609,1
450.0,52,6.122,0.236,0
240.0,52,5.923,0.558,1
565.0,70,1.787,0.437,0
990.0,119,1.63,0.221,1
1370.0,95,2.268,0.402,0
400.0,100,6.758,0.444,1
1300.0,123,0.808,0.521,1
430.0,71,7.463,0.127,1
1650.0,170,1.554,0.39,0
1250.0,176,1.201,0.879,1
790.0,87,0.945,0.884,1
2400.0,130,1.123,0.037,1
590.0,57,2.471,0.393,0
2750.0,134,0.719,0.774,1
280.0,70,8.026,0.756,0
1600.0,120,0.29,0.367,1
550.0,55,0.199,0.849,0
660.0,60,0.896,0.207,1
320.0,74,4.154,0.9,0
1490.0,90,0.054,0.609,1
1045.0,193,13.17,0.83,1
330.0,63,2.988,0.783,1
10500.0,700,0.653,0.042,1
658.9,77,4.167,0.861,0
200.0,60,6.628,0.788,0
950.0,90,0.392,0.672,0
550.0,53,3.877,0.896,0
1050.0,114,4.999,0.038,1
570.0,61,1.173,0.204,0
1400.0,177,1.198,0.162,0
660.0,81,1.12,0.726,1
350.0,46,2.866,0.252,1
1650.0,169,0.531,0.396,1
600.0,94,5.849,0.13,0
1200.0,190,0.785,0.695,1
1150.0,114,0.604,0.55,1
435.0,41,0.088,0.915,0
320.0,63,6.768,0.802,0
500.0,42,0.397,0.44,1
550.0,84,1.109,0.896,1
840.0,78,1.261,0.47,1
6000.0,241,2.694,0.002,1
4900.0,296,0.018,0.136,1
1400.0,64,1.801,0.922,1
1690.0,158,0.757,0.893,1
699.0,103,7.874,0.575,1
499.2,81,2.031,0.291,0
224.0,45,9.457,0.757,0
2200.0,90,1.469,0.01,1
1600.0,151,0.592,0.315,1
1520.0,90,0.692,0.169,1
440.0,69,7.672,0.582,0
344.9,60,4.359,0.768,0
85.0,43,12.564,0.019,0
950.0,50,0.194,0.307,1
2600.0,158,0.724,0.879,1
1100.0,90,0.709,0.429,1
820.0,110,0.48,0.928,1
430.0,29,0.494,0.568,0
270.0,60,7.221,0.902,0
320.0,25,0.718,0.605,0
535.0,89,4.455,0.027,1
1300.0,300,0.558,0.54,1
599.0,86,6.043,0.608,1
320.0,55,6.114,0.902,1
3250.0,140,0.438,0.085,1
525.0,74,7.286,0.199,0
1250.0,220,0.945,0.914,1
1050.0,80,1.501,0.264,1
1450.0,135,1.196,0.069,1
1450.0,166,5.126,0.169,1
570.0,95,1.106,0.223,0
3000.0,263,0.035,0.235,1
770.0,104,0.592,0.533,0
6000.0,200,0.046,0.643,1
480.0,85,8.012,0.184,0
350.0,80,11.923,0.663,0
3045.0,160,0.698,0.179,1
543.0,41,0.28,0.454,0
525.0,76,4.671,0.352,0
195.0,67,8.425,0.903,0
670.0,80,5.924,0.632,0
1490.0,100,0.179,0.59,1
590.0,89,0.879,0.567,1
1950.0,220,0.036,0.362,1
1000.0,245,1.319,0.934,1
1150.0,93,1.089,0.342,1
450.0,88,6.689,0.736,0
1300.0,120,4.458,0.875,0
101.0,42,16.094,0.269,0
1950.0,135,2.145,0.051,1
299.0,60,5.866,0.413,0
1050.0,110,1.328,0.613,1
930.0,97,0.233,0.98,1
269.0,38,1.598,0.397,0
360.0,37,1.22,0.238,0
235.0,64,2.598,0.14,0
3200.0,153,0.724,0.807,1
560.0,85,3.095,0.885,0
140.0,40,10.005,0.845,0
4000.0,195,0.481,0.503,1
450.0,86,10.467,0.571,0
1499.99,104,1.764,0.625,1
510.0,94,7.983,0.378,0
155.0,51,7.691,1.0,0
1500.0,87,0.406,0.802,1
2400.0,195,1.853,0.063,1
300.0,25,0.565,0.26,1
350.0,77,7.437,0.333,0
740.0,116,0.806,0.134,1
500.0,78,5.8,0.761,0
310.0,55,3.79,0.596,0
2100.0,111,0.169,0.031,1
1300.0,189,0.359,0.436,1
870.0,109,1.103,0.297,1
2100.0,197,1.996,0.668,1
650.0,68,0.13,0.145,0
310.0,70,11.238,0.574,0
1150.0,75,0.372,0.604,0
4400.0,430,2.148,0.474,0
990.0,50,0.271,0.807,0
495.0,40,0.277,0.096,0
125.0,52,15.225,0.578,0
950.0,125,5.844,0.422,1
4900.0,290,0.16,0.918,0
917.0,90,0.376,0.926,1
570.0,71,8.342,0.743,1
999.99,116,0.363,0.525,1
710.0,125,6.014,0.964,0
4800.0,580,1.554,0.845,0
460.0,100,4.389,0.998,0
959.0,147,1.554,0.706,0
700.0,75,0.262,0.521,0
5500.0,170,0.048,0.203,1
1100.0,201,1.11,0.251,0
895.0,115,8.045,0.11,0
1300.0,137,1.319,0.229,0
3000.0,160,1.623,0.253,1
1722.24,72,0.285,0.186,1
450.0,141,7.672,0.862,0
1900.0,189,1.231,0.114,1
370.0,40,2.277,0.734,0
479.99,116,7.511,0.133,0
2200.0,225,0.137,0.304,1
410.0,73,7.449,0.417,0
750.0,91,8.369,0.786,0
285.0,65,5.392,0.24,1
1389.0,80,1.173,0.334,1
1330.0,143,5.12,0.819,0
210.0,55,9.206,0.736,0
750.0,80,0.277,0.507,1
460.0,92,7.429,0.961,0
2400.0,260,0.93,0.368,0
3100.0,129,2.455,0.609,1
850.0,110,4.813,0.083,1
649.0,57,0.051,0.042,0
563.0,84,7.093,0.442,0
490.0,60,5.251,0.142,0
280.0,70,4.514,0.932,0
350.0,63,8.109,0.562,0
2000.0,123,0.397,0.286,0
299.0,98,8.069,0.459,0
990.0,113,0.454,0.954,1
350.0,72,1.17,0.985,1
2100.0,179,1.387,0.888,1
1200.0,139,4.997,0.5,1
600.0,82,1.112,0.903,0
1575.0,132,1.28,0.808,1
2500.0,132,0.118,0.777,1
2100.0,105,0.118,0.458,1
200.0,62,6.214,0.294,0
2850.0,202,0.073,0.842,1
370.0,90,8.798,0.037,0
3000.0,462,1.417,0.5,1
360.0,80,9.116,0.426,0
1950.0,120,0.056,0.829,1
1500.0,154,0.524,0.816,0
1650.0,170,0.824,0.56,1
770.0,30,0.183,0.209,0
1240.0,75,0.347,0.87,1
295.0,59,7.147,0.647,0
580.0,73,0.308,0.247,0
1700.0,70,4.66,0.093,0
1370.0,116,0.381,0.434,1
750.0,52,0.0,0.986,0
660.0,66,0.843,0.745,0
615.2,77,4.167,0.072,0
469.9,70,0.964,0.429,0
629.0,56,0.386,0.896,0
470.0,90,6.331,0.521,0
165.0,45,9.627,0.434,0
2099.0,95,0.612,0.371,1
2850.0,160,0.82,0.884,1
1790.0,160,0.066,0.573,1
630.0,82,5.477,0.028,0
550.0,56,0.504,0.746,0
475.0,38,0.481,0.76,0
1950.0,125,1.827,0.483,0
500.0,48,0.376,0.402,0
2800.0,210,0.479,0.814,0
190.0,61,6.637,0.464,0
335.0,80,8.784,0.949,0
1850.0,184,0.424,0.256,0
800.0,60,0.371,0.639,1
980.0,115,0.735,0.277,0
537.9,74,1.717,0.244,0
1060.0,92,0.881,0.041,1
535.0,40,0.358,0.157,1
1400.0,105,0.289,0.76,0
790.0,74,0.261,0.624,0
270.0,70,8.074,0.44,1
270.0,50,2.233,0.519,1
299.0,70,6.22,0.562,1
165.0,53,6.502,0.275,0
1100.0,115,1.018,0.338,0
1890.0,98,0.081,0.671,1
700.0,70,0.145,0.285,1
700.0,140,6.17,0.557,0
480.0,72,6.381,0.245,0
1380.0,104,0.235,0.754,1
425.0,73,7.815,0.568,0
340.0,60,4.161,0.037,0
500.0,100,6.591,0.538,0
630.0,90,0.943,0.209,0
720.0,51,0.62,0.816,0
750.0,70,0.888,0.888,0
4200.0,145,0.377,0.226,0
950.0,115,1.432,0.33,1
375.0,76,7.368,0.399,0
680.0,129,7.338,0.827,0
3720.0,460,0.507,0.25,0
700.0,166,7.496,0.313,0
2290.0,96,0.661,0.918,1
900.0,96,1.585,0.125,0
2995.0,308,0.328,0.885,1
950.0,83,0.985,0.397,0
1200.0,120,0.219,0.078,0
1200.0,363,0.458,0.821,1
450.0,33,0.526,0.17,0
330.0,54,13.918,0.209,1
355.0,67,7.368,0.549,0
1500.0,154,0.516,0.895,1
540.0,85,7.791,0.132,0
4800.0,148,0.087,0.173,1
900.0,199,3.295,0.331,1
1740.0,171,3.295,0.643,1
2200.0,286,1.545,0.231,1
378.0,75,4.507,0.953,1
479.0,170,7.645,0.77,1
190.0,71,8.366,0.839,1
490.0,68,5.287,0.191,0
200.0,55,8.074,0.828,0
1370.0,73,0.057,0.882,1
1100.0,210,1.051,0.056,0
17995.0,756,0.038,0.787,0
670.0,140,1.412,0.017,0
1560.0,153,3.064,0.048,1
898.0,100,0.595,0.484,1
499.0,170,7.842,0.59,0
1150.0,66,0.279,0.648,1
4700.0,489,2.593,0.547,1
650.0,77,1.305,0.235,0
225.0,74,7.44,0.26,0
3350.0,120,0.502,0.385,1
1488.0,77,0.305,0.08,1
630.0,105,7.336,0.458,0
630.0,70,4.355,0.971,0
1890.0,200,0.626,0.173,1
1490.0,204,1.272,0.978,1
1200.0,75,0.105,0.047,1
270.0,60,6.493,0.334,0
749.0,85,0.404,0.14,0
190.0,119,10.441,0.081,0
600.0,94,4.385,0.521,0
1899.0,95,0.0,0.564,1
395.0,58,4.308,0.26,0
1650.0,146,0.146,0.796,1
1250.0,168,4.328,0.826,1
345.01,66,3.095,0.676,0
2300.0,230,0.83,0.34,1
986.0,95,2.263,0.388,1
1690.0,74,1.251,0.484,1
195.0,52,7.402,0.338,0
480.0,58,5.277,0.268,1
1071.9,108,2.263,0.718,1
550.0,84,1.061,0.398,0
465.0,76,1.554,0.715,0
850.0,89,0.043,0.99,1
590.0,84,2.926,0.296,0
1150.0,230,7.421,0.01,1
900.0,110,0.245,0.95,1
1260.0,130,3.064,0.616,1
730.0,103,0.113,0.73,0
845.0,140,6.421,0.529,1
1900.0,230,0.278,0.647,1
279.0,23,4.982,0.523,0
490.0,83,8.075,0.57,0
1650.0,170,0.459,0.459,1
1600.0,100,0.171,0.933,1
18000.0,526,0.0,0.703,1
1100.0,65,0.229,0.008,1
590.0,68,6.735,0.735,1
6200.0,153,0.127,0.709,0
880.0,120,6.636,0.295,1
2800.0,234,1.404,0.701,0
4299.0,200,2.474,0.112,1
549.0,57,0.017,0.924,0
750.0,78,2.562,0.543,0
945.0,110,0.42,0.183,1
1690.0,161,0.38,0.073,1
500.0,64,6.614,0.114,0
210.0,52,5.836,0.694,0
440.0,35,0.18,0.469,0
3600.0,43,0.072,0.543,1
1349.0,88,0.233,0.61,1
3407.0,338,2.353,0.851,1
750.0,65,0.932,0.602,0
830.0,40,0.12,0.449,1
720.0,70,1.636,0.645,0
280.0,57,8.305,0.828,0
155.0,47,5.793,0.904,0
290.0,51,7.656,0.905,1
1050.0,205,0.283,0.562,0
249.0,79,7.692,0.422,0
1400.0,140,4.922,0.83,1
3450.0,336,2.148,0.115,1
289.0,59,8.063,0.173,0
1650.0,160,2.374,0.512,1
950.0,180,5.8,0.493,1
180.0,39,8.895,0.758,0
690.0,100,1.197,0.087,0
1690.0,232,2.164,0.094,1
200.0,55,8.46,0.677,0
400.0,72,8.814,0.79,0
420.0,66,5.89,0.757,0
12000.0,370,0.081,0.946,1
1280.0,130,0.427,0.193,1
710.0,120,1.198,0.406,0
300.0,58,13.576,0.788,1
499.9,80,1.412,0.075,1
740.0,80,0.75,0.219,0
1550.0,90,0.881,0.342,0
620.0,70,6.102,0.418,1
500.0,90,5.292,0.997,1
5500.0,219,0.033,0.281,0
1300.0,107,0.041,0.429,1
650.0,61,2.234,0.98,1
1200.0,97,1.038,0.999,1
1050.0,192,1.19,0.659,1
1280.0,120,1.165,0.192,1
330.0,67,2.103,0.463,0
450.0,72,0.12,0.246,0
755.0,140,5.089,0.533,1
450.0,65,4.167,0.339,0
505.0,100,5.921,0.997,0
280.0,62,7.23,0.63,0
895.0,80,0.262,0.92,1
550.0,83,4.636,0.112,1
1250.0,187,6.352,0.593,1
2200.0,187,0.262,0.039,1
792.0,154,2.878,0.944,0
800.0,143,2.167,0.79,0
949.99,198,3.023,0.618,1
12000.0,246,0.009,0.051,1
690.0,118,4.901,0.377,0
3100.0,393,2.301,0.939,0
1800.0,178,0.288,0.064,1
700.0,98,4.847,0.807,0
620.0,62,0.377,0.302,1
1380.0,80,0.348,0.598,1
980.0,111,0.79,0.071,1
795.0,85,0.518,0.473,0
1600.0,213,0.497,0.284,0
1310.0,128,1.447,0.578,1
500.0,58,2.183,0.081,0
1900.0,200,0.754,0.683,1
750.0,88,0.976,0.62,0
550.0,86,4.132,0.028,0
2200.0,115,2.104,0.898,0
5800.0,200,0.112,0.937,1
670.0,70,1.254,0.175,0
400.0,31,0.389,0.322,0
950.0,180,7.198,0.785,0
2499.0,180,0.062,0.181,1
3031.5,391,2.242,0.427,1
190.0,51,5.174,0.442,1
1580.0,105,2.489,0.279,1
2100.0,107,0.034,0.069,0
360.0,70,1.758,0.793,0
395.0,60,6.256,0.541,0
310.0,67,7.118,0.191,0
12000.0,410,0.087,0.735,0
660.0,112,6.523,0.156,0
240.0,47,7.086,0.812,0
630.0,98,1.246,0.294,0
709.99,142,1.657,0.378,0
1490.0,105,0.166,0.72,1
150.0,60,12.489,0.142,0
550.0,69,8.478,0.582,0
675.0,76,0.961,0.734,0
350.0,60,5.558,0.596,1
2350.0,230,0.137,0.497,1
1100.0,84,0.325,0.157,1
480.0,70,0.248,0.586,0
1250.0,123,1.624,0.713,1
1395.0,105,0.235,0.015,1
370.0,97,5.957,0.099,0
2200.0,153,0.2,0.983,0
359.0,60,6.586,0.476,0
1550.0,160,3.064,0.523,1
3499.0,200,0.132,0.139,0
1700.0,320,0.196,0.836,1
1280.0,81,1.123,0.891,1
2280.0,154,2.26,0.148,1
270.0,60,12.615,0.026,0
350.0,65,6.585,0.25,0
1200.0,90,1.038,0.137,1
450.0,37,0.327,0.436,0
5800.0,260,1.761,0.126,1
4500.0,289,0.056,0.763,1
1200.0,260,5.36,0.888,0
313.0,55,3.965,0.594,0
690.0,90,6.544,0.838,0
294.9,61,9.821,0.479,1
400.0,61,4.484,0.145,1
495.0,76,8.608,0.803,0
1880.0,110,0.343,0.89,1
950.0,141,1.084,0.516,1
1250.0,115,0.512,0.007,1
610.0,118,0.47,0.855,1
210.0,56,9.964,0.896,0
3180.0,153,0.719,0.628,0
1050.0,138,0.56,0.615,1
1633.5,144,2.266,0.2,0
695.0,69,0.326,0.64,0
435.0,81,7.62,0.136,0
200.0,55,7.23,0.463,0
300.0,16,0.17,0.793,1
558.0,53,0.278,0.343,1
225.0,60,5.815,0.63,0
620.0,109,6.277,0.781,0
800.0,178,7.681,0.732,0
545.0,39,0.382,0.606,0
480.0,80,1.016,0.409,0
215.0,23,1.646,0.831,0
750.0,110,0.991,0.798,0
2800.0,154,0.199,0.161,1
249.0,55,8.074,0.388,0
720.0,115,4.358,0.558,0
220.0,85,5.926,0.989,1
1490.0,201,0.565,0.11,1
598.0,83,5.92,0.185,0
570.0,83,0.974,0.42,1
525.0,59,6.138,0.817,0
430.0,61,7.538,0.321,1
140.0,60,6.506,0.027,0
1900.0,190,0.353,0.954,1
360.0,95,6.457,0.193,0
510.0,80,4.55,0.906,0
840.0,110,2.587,0.373,1
599.0,86,8.067,0.598,0
620.0,153,4.579,0.645,0
800.0,41,0.704,0.107,0
499.0,109,9.615,0.526,1
2600.0,235,2.539,0.024,1
1260.0,188,1.105,0.242,1
1690.0,120,0.304,0.456,0
239.0,60,11.962,0.757,0
1990.0,86,0.614,0.054,0
5900.0,256,0.333,0.467,1
2890.0,443,1.554,0.807,0
605.0,35,0.108,0.921,0
600.0,128,4.059,0.746,0
319.0,60,7.61,0.405,0
490.0,90,7.449,0.967,0
680.0,137,6.42,0.688,1
530.0,67,1.787,0.511,0
1050.0,95,0.993,0.428,0
1200.0,85,0.404,0.98,0
635.0,80,0.326,0.549,1
7900.0,170,0.0,0.786,1
1060.0,150,5.126,0.631,1
75.0,46,12.493,0.098,0
400.0,45,0.991,0.247,0
481.0,39,0.467,0.572,0
1200.0,85,2.234,0.837,1
420.0,100,0.995,0.187,0
1260.0,120,0.232,0.493,1
2400.0,153,1.074,0.886,1
2490.0,120,0.118,0.998,0
550.0,70,1.564,0.634,0
1800.0,101,1.044,0.064,1
588.0,90,4.402,0.541,0
1050.0,178,2.12,0.793,1
925.0,90,0.284,0.37,1
1380.0,104,1.031,0.167,1
1459.0,146,2.112,0.647,1
260.0,48,6.737,0.102,0
580.0,150,4.579,0.017,0
2500.0,180,0.178,0.654,1
200.0,45,6.967,0.76,0
359.0,53,3.355,0.84,0
1100.0,80,0.131,0.762,1
400.0,62,6.678,0.705,1
650.0,50,0.523,0.186,0
1000.0,135,1.043,0.455,1
1980.0,117,0.013,0.925,0
1150.0,110,0.841,0.086,1
300.0,79,7.08,0.583,0
2500.0,184,0.049,0.012,0
820.0,110,4.986,0.168,1
380.0,65,8.936,0.169,0
2000.0,80,0.11,0.803,1
315.0,76,7.602,0.889,0
385.0,67,7.152,0.568,0
1290.0,128,2.186,0.182,0
540.0,34,0.792,0.457,0
560.0,94,6.585,0.356,0
2000.0,286,0.798,0.319,1
685.0,136,2.286,0.756,0
1740.0,161,0.131,0.863,1
2100.0,270,0.445,0.749,1
1050.0,94,0.993,0.339,1
178.0,54,14.764,0.098,0
4500.0,210,1.099,0.097,1
5950.0,245,0.365,0.609,1
3180.0,333,1.641,0.676,1
1500.0,159,0.211,0.25,0
300.0,42,6.39,0.17,1
900.0,105,0.191,0.991,0
620.0,75,1.758,0.678,1
305.0,70,8.245,0.582,0
1489.0,110,0.226,0.967,0
2200.0,200,1.079,0.274,1
289.0,64,9.647,0.727,1
610.0,43,0.545,0.808,0
630.0,98,0.78,0.928,1
420.0,39,0.839,0.728,0
3800.0,195,2.607,0.727,1
840.0,119,0.8,0.602,1
5200.0,240,0.1,0.446,1
120.0,50,11.318,0.357,0
599.0,163,4.191,0.612,0
2350.0,120,0.255,0.603,1
745.0,70,0.902,0.503,1
240.0,50,8.214,0.739,0
350.0,72,7.672,0.056,0
550.0,60,0.771,0.314,1
280.0,40,6.376,0.976,0
1480.0,110,0.743,0.444,1
755.0,72,0.106,0.021,1
450.0,40,1.385,0.96,0
1800.0,122,1.835,0.877,1
460.0,89,5.823,0.242,0
249.0,60,5.706,0.009,1
3200.0,250,0.087,0.455,1
485.0,84,2.296,0.784,1
630.0,64,6.377,0.853,0
350.0,70,7.195,0.398,1
2000.0,110,1.956,0.558,1
530.0,88,8.22,0.367,0
399.0,68,3.123,0.972,1
480.0,57,0.732,0.292,0
2200.0,222,0.792,0.892,1
895.0,125,6.369,0.229,1
420.0,90,6.853,0.969,0
1500.0,139,0.379,0.179,0
1395.0,105,0.235,0.768,1
630.0,68,0.841,0.331,0
400.0,75,3.965,0.774,0
2500.0,320,0.188,0.625,0
1450.0,95,0.816,0.545,1
1300.0,160,0.397,0.203,1
420.0,80,5.106,0.941,0
340.0,43,1.939,0.95,0
490.0,48,0.157,0.184,0
800.0,75,0.874,0.089,1
1050.0,107,6.144,0.5,1
875.0,48,0.194,0.509,1
2350.0,92,0.105,0.275,0
1280.0,264,0.858,0.858,1
850.0,85,1.696,0.906,0
1790.0,130,1.985,0.859,1
1950.0,82,0.513,0.544,1
2150.0,206,0.39,0.302,1
2000.0,154,1.682,0.629,1
470.0,59,7.498,0.56,1
314.0,59,5.493,0.508,0
340.0,76,7.91,0.488,0
1800.0,102,1.279,0.869,1
230.0,30,6.743,0.156,0
3000.0,120,0.201,0.538,1
3850.0,190,1.554,0.418,1
3950.0,154,0.074,0.373,1
1210.0,125,6.011,0.372,1
8600.0,289,2.569,0.846,1
1600.0,100,0.108,0.16,1
1270.0,93,1.116,0.698,1
950.0,81,0.06,0.231,1
340.0,56,7.426,0.185,0
1990.0,127,0.62,0.584,1
280.0,70,6.229,0.923,0
285.0,86,7.666,0.713,0
1200.0,208,7.722,0.013,1
703.5,121,3.114,0.435,0
1900.0,103,0.248,0.77,0
950.0,177,6.687,0.274,1
300.0,72,5.418,0.92,0
1800.0,166,0.674,0.6,1
1195.0,112,0.172,0.342,1
2150.0,200,0.834,0.524,1
850.0,149,7.286,0.864,1
185.0,46,5.133,0.716,0
600.0,68,0.266,0.725,0
590.0,120,0.97,0.924,0
1140.0,210,1.203,0.852,1
725.0,150,8.164,0.764,1
434.0,70,2.786,0.664,0
1050.0,115,5.527,0.475,1
950.0,110,5.273,0.146,0
4700.0,352,0.043,0.014,1
2800.0,240,0.231,0.433,1
3700.0,140,0.444,0.818,1
2000.0,258,1.571,0.03,1
780.0,81,6.168,0.904,0
265.0,60,6.287,0.742,0
730.0,45,0.554,0.344,0
890.0,151,4.967,0.121,0
540.0,40,1.946,0.809,0
1800.0,155,7.118,0.418,0
275.0,34,2.771,0.787,0
800.0,80,0.991,0.445,0
4500.0,280,0.644,0.273,0
900.0,164,0.31,0.652,1
330.0,42,2.018,0.769,1
250.0,68,6.781,0.911,1
3300.0,150,0.091,0.259,1
330.0,38,2.116,0.902,0
570.0,64,5.263,0.306,0
25000.0,750,0.067,0.016,1
450.0,70,7.252,0.674,0
1300.0,172,4.437,0.845,0
880.0,78,0.428,0.519,1
1580.0,251,0.054,0.36,1
390.0,62,8.071,0.434,0
1350.0,374,0.753,0.731,1
580.0,58,0.277,0.666,0
299.0,40,6.346,0.592,0
380.0,59,8.23,0.622,0
690.0,79,5.232,0.719,1
1980.0,182,0.221,0.963,1
2800.0,168,0.065,0.075,0
1389.0,150,0.066,0.31,1
2089.0,182,0.397,0.456,1
1300.0,71,1.069,0.187,1
750.0,120,1.056,0.247,1
4700.0,212,0.567,0.578,1
1019.0,75,0.411,0.948,1
1300.0,98,0.099,0.649,0
400.0,69,4.179,0.172,0
900.0,109,4.803,0.838,1
2100.0,214,0.903,0.999,1
750.0,100,0.176,0.891,0
260.0,59,8.396,0.426,0
1800.0,90,0.682,0.204,0
1890.0,172,0.0,0.298,1
1500.0,145,5.899,0.41,1
2550.0,227,0.195,0.693,0
4600.0,300,0.058,0.496,1
3849.0,282,1.692,0.413,1
174.9,58,3.694,0.56,0
2688.0,280,0.182,0.497,1
1100.0,120,5.686,0.177,1
285.0,49,7.808,0.515,0
2300.0,297,0.081,0.437,1
600.0,85,1.39,0.093,0
1180.0,97,1.247,0.696,1
669.0,109,0.244,0.13,1
900.0,95,0.469,0.436,1
630.0,93,1.01,0.885,0
975.0,120,1.794,0.538,1
499.95,82,0.175,0.936,1
650.0,44,0.199,0.74,0
1800.0,108,1.816,0.655,1
230.0,55,5.184,0.548,0
350.0,53,5.677,0.194,0
611.0,93,4.725,0.801,0
1300.0,185,0.392,0.436,1
1400.0,150,0.066,0.436,0
1365.0,110,1.821,0.295,1
480.0,78,1.733,0.337,1
2700.0,196,0.556,0.334,0
254.0,60,7.719,0.613,1
3600.0,232,2.788,0.067,0
780.0,80,0.501,0.992,0
750.0,147,1.078,0.221,0
380.0,48,1.933,0.249,0
3300.0,200,0.074,0.752,1
1630.0,65,0.158,0.22,1
2099.0,90,0.612,0.905,1
250.0,67,8.946,0.053,0
860.0,130,0.433,0.113,1
690.0,60,0.124,0.664,0
849.0,43,0.348,0.777,1
1200.0,136,1.13,0.878,1
1580.0,127,0.043,0.122,1
1750.0,139,0.541,0.963,1
600.0,87,4.455,0.975,0
1300.2,108,1.851,0.328,1
13000.0,1147,0.081,0.704,0
1750.0,214,0.92,0.616,1
300.0,54,5.647,0.401,0
430.0,64,7.467,0.771,1
1950.0,85,0.596,0.686,1
460.0,80,4.886,0.579,0
4200.0,170,1.443,0.686,1
650.0,70,2.777,0.073,0
14000.0,350,0.025,0.219,1
450.0,60,0.444,0.071,0
6900.0,296,0.001,0.573,0
1200.0,75,0.243,0.375,1
690.0,80,1.234,0.947,0
260.0,38,2.015,0.525,0
354.0,65,7.384,0.496,0
434.9,71,4.968,0.816,0
480.0,52,8.608,0.857,0
749.9,70,0.808,0.26,0
300.0,77,7.437,0.02,1
1990.0,110,1.123,0.867,1
319.0,60,1.554,0.953,1
1350.0,94,2.316,0.012,1
1000.0,140,6.698,0.233,0
1680.0,140,17.172,0.282,1
699.99,143,1.938,0.157,0
780.0,100,0.804,0.012,0
200.0,47,5.324,0.008,0
850.0,75,0.212,0.52,1
1500.0,205,0.191,0.455,1
3899.0,280,0.325,0.025,1
1195.0,200,1.557,0.681,1
1000.0,107,0.17,0.287,1
290.0,54,9.454,0.831,1
290.0,90,6.454,0.096,0
348.0,23,0.606,0.77,0
800.0,127,7.629,0.931,0
190.0,30,1.607,0.062,0
550.0,89,0.274,0.313,0
540.0,87,1.112,0.505,0
4340.9,172,0.447,0.053,0
250.0,57,10.927,0.002,0
620.0,70,1.652,0.61,0
1280.0,130,0.362,0.971,1
589.99,79,6.846,0.534,1
225.0,48,6.707,0.892,0
2100.0,205,1.484,0.201,1
1990.0,203,0.565,0.882,1
680.0,52,1.949,0.719,0
480.0,71,5.004,0.78,0
286.0,73,9.192,0.723,0
1350.0,120,0.236,0.845,1
310.0,71,1.01,0.362,1
550.0,40,0.408,0.479,0
1150.0,365,7.986,0.722,1
3700.0,255,1.815,0.923,1
290.0,58,8.254,0.276,0
2801.4,179,1.991,0.039,0
899.99,148,4.35,0.963,1
1240.0,97,1.267,0.522,1
699.0,178,8.433,0.425,1
1750.0,170,0.111,0.266,1
10900.0,304,0.077,0.35,1
285.0,50,7.903,0.53,0
460.0,70,5.599,0.549,1
820.0,90,0.785,0.987,1
1250.0,80,1.244,0.143,1
3600.0,292,1.641,0.349,1
1650.0,74,2.239,0.702,1
399.0,66,5.825,0.097,0
520.0,80,6.171,0.021,0
549.0,82,1.279,0.86,0
3700.0,180,0.654,0.306,1
230.0,88,5.079,0.129,0
12200.0,479,0.08,0.994,1
2050.0,186,0.19,0.624,1
2350.0,106,0.323,0.306,0
1500.0,78,0.373,0.189,0
3000.0,330,0.562,0.478,1
630.0,102,4.68,0.616,0
149.9,70,12.561,0.98,0
360.0,63,5.512,0.935,0
530.0,30,0.413,0.677,0
550.0,94,8.146,0.874,0
2650.0,98,0.168,0.749,1
2690.0,350,0.562,0.846,1
1400.0,145,2.188,0.704,1
965.0,169,6.763,0.877,1
1050.0,128,0.491,0.997,0
1300.0,173,4.63,0.003,0
2700.0,146,0.412,0.38,1
1380.0,300,7.973,0.826,1
315.0,61,2.406,0.42,0
370.0,77,3.679,0.363,0
1680.0,116,0.313,0.546,1
400.0,72,4.485,0.366,1
1500.0,200,4.702,0.151,1
5129.0,381,1.483,0.004,0
270.0,65,1.297,0.347,0
318.0,72,1.554,0.121,0
447.0,77,4.619,0.318,0
1109.0,110,1.126,0.49,1
1150.0,110,2.234,0.931,0
230.0,51,7.808,0.335,0
2100.0,126,1.346,0.844,1
1250.0,60,0.313,0.259,1
3100.0,150,0.648,0.747,1
180.0,50,6.445,0.976,0
3345.1,244,0.528,0.097,1
1690.0,120,1.169,0.296,1
495.0,85,7.969,0.323,0
2950.0,180,2.781,0.495,1
1990.0,312,0.815,0.24,0
1990.0,230,0.263,0.23,0
2180.0,309,3.295,0.839,1
440.0,68,4.536,0.657,0
585.0,100,5.973,0.863,0
745.0,48,0.285,0.721,0
1700.0,171,0.784,0.046,1
1200.0,100,6.258,0.039,1
535.0,82,6.127,0.225,0
1045.0,120,0.295,0.364,0
250.0,50,5.946,0.428,0
1350.0,200,6.083,0.654,1
390.0,33,6.351,0.699,0
1100.0,95,0.521,0.179,1
2700.0,255,0.275,0.378,0
1490.0,90,0.318,0.888,1
2750.0,231,2.235,0.547,1
1530.0,120,0.21,0.199,1
490.0,65,6.619,0.827,0
1180.0,79,0.791,0.544,1
340.0,47,1.76,0.708,0
1000.0,136,5.979,0.124,1
5980.0,249,0.227,0.416,0
3200.0,270,0.036,0.104,1
162.09,56,15.035,0.481,0
220.0,60,3.694,0.672,1
5800.0,435,1.641,0.163,1
535.0,85,6.5,0.713,0
6500.0,741,0.384,0.151,1
480.0,74,6.571,0.673,0
5500.0,290,0.0,0.628,0
695.0,67,0.303,0.18,0
2250.0,241,0.276,0.533,1
1300.0,156,3.065,0.094,0
669.0,76,2.134,0.41,1
105.0,55,9.237,0.038,0
329.0,58,8.132,0.565,1
420.0,55,6.889,0.118,0
950.0,87,5.164,0.661,0
1625.0,135,0.946,0.777,1
235.0,56,12.416,0.2,0
1170.0,111,2.26,0.313,1
1700.0,96,2.131,0.679,1
800.0,132,7.389,0.226,0
735.0,91,2.666,0.069,0
470.0,61,7.926,0.716,1
1635.0,160,2.374,0.227,1
420.0,100,3.852,0.179,0
310.0,67,8.074,0.208,0
2900.0,136,0.0,0.596,1
865.0,111,1.193,0.087,0
240.0,53,8.133,0.455,0
2300.0,169,0.667,0.068,1
4000.0,150,0.041,0.863,1
850.0,77,1.094,0.4,1
415.0,74,6.557,0.75,0
1200.0,105,0.288,0.059,1
3500.0,312,1.711,0.145,1
440.0,84,7.745,0.347,0
840.0,100,0.91,0.299,1
800.0,87,0.892,0.508,1
400.0,73,4.083,0.177,0
730.0,132,8.187,0.253,1
1395.0,90,2.46,0.279,1
409.0,77,6.095,0.108,0
670.0,85,5.048,0.379,0
1490.0,135,0.479,0.092,1
370.0,63,3.875,0.608,1
850.0,206,1.044,0.849,1
1480.0,105,0.874,0.112,1
135.0,50,12.118,0.866,0
285.0,56,1.767,0.048,0
2000.0,180,0.553,0.098,1
1260.0,110,0.522,0.036,1
270.0,65,5.426,0.017,0
995.0,121,4.758,0.406,1
1100.0,235,0.162,0.524,1
1960.0,138,0.286,0.673,0
945.0,77,0.246,0.826,1
495.0,63,6.614,0.006,1
530.0,65,4.071,0.524,0
1300.0,125,0.842,0.754,1
1000.0,314,9.114,0.635,1
1500.0,134,0.713,0.249,0
266.0,65,8.8,0.911,1
1799.0,140,0.003,0.688,1
580.0,65,4.596,0.644,0
4200.0,267,0.015,0.723,1
2200.0,210,0.92,0.71,1
415.0,35,0.348,0.867,0
835.0,77,0.474,0.753,1
240.0,65,6.97,0.742,0
570.0,40,0.285,0.098,0
830.0,96,1.049,0.417,1
1100.0,127,0.226,0.099,1
690.0,95,8.819,0.023,0
745.0,80,0.0,0.983,0
1600.0,400,0.62,0.631,1
2200.0,140,0.512,0.608,1
608.0,90,2.878,0.942,0
9500.0,395,0.282,0.044,1
2500.0,247,1.325,0.641,1
2900.0,380,0.615,0.109,1
1999.0,170,0.086,0.726,0
417.99,75,2.785,0.852,0
900.0,110,1.19,0.74,1
749.0,59,0.388,0.37,0
930.0,112,4.893,0.94,1
3000.0,250,0.017,0.514,1
415.0,67,2.058,0.212,0
2300.0,121,0.262,0.915,1
1239.0,119,1.126,0.858,1
3400.0,256,0.069,0.129,0
2900.0,280,1.525,0.402,0
240.0,54,6.114,0.396,0
1250.0,150,0.644,0.63,1
2430.0,130,0.039,0.499,1
350.0,60,4.451,0.103,0
220.0,48,7.873,0.436,1
2300.0,250,0.175,0.04,1
1150.0,116,0.25,0.694,1
530.0,78,1.094,0.068,1
1500.0,180,2.317,0.715,1
525.0,140,1.163,0.147,0
850.0,105,0.337,0.699,1
240.0,53,5.092,0.436,0
1500.0,185,0.132,0.237,1
1350.0,135,1.901,0.613,1
172.0,50,0.46,0.657,0
3200.0,230,0.067,0.45,0
710.0,164,4.455,0.783,0
429.0,69,2.057,0.028,1
650.0,50,2.654,0.559,0
160.0,45,8.393,0.094,0
750.0,100,4.864,0.937,0
590.0,95,5.275,0.32,0
790.0,110,6.728,0.726,1
900.0,120,0.129,0.598,1
1690.0,150,1.598,0.322,0
190.0,70,7.754,0.65,1
1950.0,138,0.148,0.097,1
485.0,108,7.159,0.514,1
700.0,74,0.75,0.7,0
469.0,81,2.545,0.641,0
1279.0,91,0.5,0.614,1
345.0,65,6.676,0.357,0
397.0,72,2.729,0.534,0
4700.0,260,0.456,0.023,0
4500.0,220,0.047,0.227,1
3900.0,140,0.402,0.48,1
950.0,98,1.473,0.106,1
4800.0,175,0.148,0.693,1
399.0,72,6.095,0.222,1
1200.0,178,0.564,0.243,0
1550.0,147,5.901,0.773,1
960.0,50,0.271,0.196,1
160.0,95,8.784,0.868,1
1080.0,95,0.146,0.492,0
4500.0,270,0.0,0.837,1
1850.0,215,0.426,0.081,1
165.0,45,12.608,0.704,1
200.0,50,3.739,0.779,0
420.0,70,2.057,0.607,0
440.0,76,5.654,0.095,0
990.0,110,1.559,0.159,1
6300.0,220,0.089,0.385,1
1080.0,98,2.051,0.277,0
1500.0,140,0.413,0.684,1
2800.0,170,0.0,0.669,1
1090.0,100,0.258,0.851,1
585.0,101,1.866,0.205,0
495.0,21,1.098,0.08,0
521.0,73,7.029,0.089,0
367.9,65,7.345,0.533,0
1100.0,224,0.199,0.517,0
185.0,48,6.304,0.305,0
1850.0,110,2.51,0.338,1
1850.0,169,1.734,0.539,0
1800.0,272,6.48,0.905,1
220.0,60,8.794,0.234,0
440.0,62,0.913,0.797,1
869.0,91,1.53,0.888,1
250.0,50,6.711,0.563,0
11000.0,481,0.0,0.815,1
620.0,75,0.746,0.631,1
340.0,45,1.057,0.066,0
529.99,68,1.141,0.414,0
220.0,70,5.706,0.34,0
2450.0,150,0.259,0.787,1
630.0,60,1.145,0.748,0
3000.0,83,0.071,0.379,1
899.0,75,0.749,0.486,1
1090.0,70,0.437,0.19,1
295.5,75,9.562,0.349,0
1250.0,115,0.056,0.89,1
980.0,180,0.631,0.543,0
8500.0,355,0.104,0.329,1
750.0,57,0.233,0.118,0
450.0,95,1.486,0.567,0
390.0,66,6.234,0.182,0
290.0,42,9.98,0.718,0
2200.0,180,0.284,0.466,1
4500.0,150,0.662,0.629,1
1980.0,180,0.643,0.274,1
4000.0,140,1.554,0.158,1
3290.0,152,0.354,0.498,0
1550.0,150,0.623,0.21,1
1450.0,91,0.627,0.475,1
500.0,67,6.118,0.21,0
2680.0,186,0.078,0.377,1
500.0,69,4.671,0.576,0
280.0,60,6.446,0.947,1
400.0,70,7.56,0.5,0
170.0,52,6.149,0.132,0
725.0,83,0.474,0.444,0
3100.0,146,0.32,0.835,1
1890.0,165,1.348,0.163,1
1050.0,63,0.46,0.14,1
450.0,57,1.037,0.898,0
475.0,69,7.523,0.923,0
2050.0,105,0.358,0.583,1
1330.0,110,0.681,0.239,1
179.76,45,5.755,0.827,1
625.0,86,0.229,0.205,0
500.0,78,6.459,0.107,1
650.0,90,1.164,0.381,0
2165.0,120,0.1,0.187,0
695.0,90,6.12,0.413,0
230.0,70,10.742,0.457,0
3679.0,245,0.377,0.138,1
9950.0,390,0.443,0.97,1
342.0,65,8.304,0.572,1
1040.0,139,0.563,0.164,0
730.0,93,8.568,0.773,1
980.0,60,0.714,0.164,1
1680.0,127,0.008,0.504,0
414.0,68,2.673,0.972,0
800.0,87,0.406,0.495,0
700.0,100,5.578,0.75,0
2500.0,120,0.436,0.56,1
135.0,45,14.13,0.14,1
180.0,67,1.063,0.795,0
2100.0,350,7.476,0.341,1
7000.0,180,0.346,0.267,1
370.0,60,6.523,0.432,0
330.0,60,4.215,0.717,0
2400.0,180,1.97,0.778,1
179.0,65,6.895,0.105,0
8600.0,220,0.0,0.939,0
1200.0,190,0.464,0.476,1
820.0,58,1.569,0.641,0
950.0,118,0.618,0.533,1
260.0,46,8.133,0.225,0
660.0,114,5.591,0.053,0
4399.0,322,0.0,0.168,1
545.0,88,6.047,0.597,0
2300.0,190,1.853,0.922,1
1580.0,110,0.219,0.961,1
400.0,77,8.604,0.255,1
660.0,40,0.805,0.469,0
630.0,114,3.295,0.522,0
820.0,74,1.215,0.513,1
559.0,83,1.24,0.4,1
2100.0,100,0.106,0.605,1
2750.0,273,2.343,0.584,1
849.99,90,0.46,0.115,1
470.0,105,6.44,0.646,0
800.0,76,0.46,0.669,0
1915.92,189,2.242,0.503,1
900.0,103,2.113,0.943,1
530.0,74,5.4,0.026,1
980.0,93,1.121,0.958,1
175.0,36,10.713,0.773,0
945.0,180,0.436,0.431,1
2300.0,185,0.021,0.478,1
3000.0,251,2.28,0.697,1
770.0,103,0.479,0.052,1
3870.0,235,2.663,0.858,1
665.0,97,1.141,0.63,0
190.0,45,9.465,0.039,0
530.0,88,6.16,0.943,0
4200.0,348,0.105,0.251,1
415.0,70,5.742,0.149,0
420.0,70,7.913,0.126,0
2350.0,180,0.114,0.911,1
1050.0,113,1.668,0.808,1
690.0,98,4.215,0.669,0
345.0,63,2.765,0.227,0
2190.0,134,1.081,0.208,0
199.0,25,1.82,0.771,0
400.0,81,1.204,0.279,0
800.0,100,0.333,0.348,0
980.0,85,0.819,0.605,1
1850.0,92,0.294,0.771,1
1200.0,117,3.295,0.035,1
3800.0,281,0.289,0.464,1
165.0,50,5.302,0.326,1
950.0,142,0.243,0.205,0
1500.0,130,0.553,0.591,1
490.0,97,6.791,0.541,0
2100.0,160,0.316,0.433,1
580.0,82,4.328,0.941,0
900.0,75,0.108,0.239,1
790.0,74,0.261,0.063,1
649.0,150,7.368,0.174,0
295.0,60,7.662,0.822,0
490.0,99,5.94,0.548,0
850.0,82,0.957,0.603,1
550.0,60,1.216,0.263,0
320.0,64,2.894,0.655,0
1150.0,134,0.615,0.193,0
535.0,78,4.986,0.683,1
1280.0,105,0.634,0.808,0
1990.0,96,1.469,0.866,1
520.0,98,6.712,0.879,0
480.0,63,0.824,0.902,0
849.99,90,0.0,0.936,0
7000.0,241,0.0,0.94,1
300.0,40,1.224,0.162,0
990.0,90,1.055,0.797,1
249.0,50,6.92,0.635,0
1000.0,128,2.408,0.619,1
525.0,74,5.502,0.457,1
990.0,114,4.986,0.843,1
400.0,95,6.251,0.336,0
2680.0,190,0.223,0.117,1
940.0,110,4.624,0.532,1
1145.0,97,1.325,0.657,1
2100.0,360,0.176,0.535,1
536.0,76,4.619,0.584,0
950.0,118,4.328,0.193,1
1015.0,149,4.216,0.797,1
315.0,72,0.36,0.774,0
280.0,72,6.659,0.991,0
650.0,75,3.744,0.211,0
481.8,73,4.455,0.266,1
290.0,87,5.819,0.178,0
1950.0,164,0.338,0.068,1
1500.0,90,0.408,0.72,1
249.0,55,5.577,0.496,0
760.0,60,0.122,0.892,0
4600.0,280,0.241,0.737,1
390.0,60,0.405,0.334,0
510.0,75,5.164,0.889,0
1600.0,162,0.373,0.58,1
460.0,70,7.716,0.896,0
570.0,88,4.552,0.663,1
2000.0,177,1.111,0.88,1
290.0,68,5.79,0.305,0
235.0,50,5.214,0.103,0
370.0,83,1.571,0.407,1
2850.0,198,0.026,0.156,1
295.0,72,3.168,0.725,0
730.0,130,6.341,0.499,1
780.0,72,0.444,0.246,0
2000.0,208,0.58,0.901,1
285.0,65,5.493,0.988,0
850.0,214,5.937,0.59,1
900.0,37,0.016,0.69,0
470.0,27,0.548,0.901,1
1037.0,106,0.859,0.565,1
1100.0,88,0.044,0.112,1
560.0,80,3.871,0.151,0
12900.0,399,0.0,0.087,1
190.0,60,2.462,0.36,0
8800.0,240,0.0,0.493,1
260.0,34,1.711,0.324,0
3200.0,140,0.448,0.307,1
1115.0,110,2.44,0.171,1
550.0,70,6.188,0.777,0
500.0,96,7.985,0.136,0
620.0,100,6.014,0.046,0
550.0,83,1.536,0.057,0
1250.0,76,1.013,0.009,1
2800.0,154,0.199,0.078,1
550.0,65,0.0,0.081,0
670.0,77,6.31,0.268,1
600.0,64,2.09,0.145,1
750.0,190,6.272,0.598,0
520.0,42,0.522,0.714,1
1500.0,95,0.341,0.408,0
4000.0,150,0.054,0.347,1
600.0,58,0.356,0.002,0
2650.0,150,0.107,0.378,1
369.0,74,9.823,0.236,1
549.99,100,7.942,0.617,1
1500.0,70,0.218,0.732,1
2300.0,260,0.149,0.135,1
10000.0,260,0.077,0.347,0
700.0,64,0.835,0.696,0
2300.0,270,0.302,0.001,0
2900.0,115,0.18,0.239,1
945.0,98,1.473,0.009,1
1050.0,124,5.776,0.455,1
475.0,126,7.885,0.753,0
750.0,59,2.05,0.289,1
3000.0,270,0.275,0.24,0
4799.99,380,2.192,0.323,1
1300.0,156,3.064,0.27,1
2350.0,245,0.383,0.532,1
2350.0,127,0.013,0.565,1
1150.0,115,0.32,0.894,1
370.0,46,2.215,0.111,0
2949.0,260,1.635,0.543,1
1480.0,110,0.293,0.874,1
744.0,100,5.49,0.213,0
550.0,96,6.665,0.597,0
650.0,266,14.206,0.459,0
145.0,60,8.425,0.483,0
850.0,130,5.854,0.902,0
1044.0,90,2.343,0.378,1
1799.0,186,0.497,0.314,1
485.0,75,7.429,0.87,1
4200.0,199,2.472,0.339,1
995.0,94,0.892,0.471,1
260.0,64,9.163,0.376,0
4400.0,231,0.0,0.687,1
1350.0,276,1.104,0.279,0
699.0,86,4.567,0.338,0
840.0,110,5.313,0.993,1
1800.0,152,0.538,0.835,1
650.0,59,1.048,0.624,0
580.0,40,0.141,0.499,0
650.0,90,6.434,0.319,0
1400.0,125,0.229,0.855,1
255.01,51,5.136,0.561,0
12000.0,246,0.009,0.461,0
1400.0,182,5.001,0.528,1
220.0,52,11.839,0.989,0
1700.0,110,0.0,0.784,1
850.0,80,0.181,0.613,1
14900.0,231,0.03,0.241,1
850.0,66,0.484,0.558,0
400.0,68,5.969,0.612,0
790.0,64,0.958,0.717,0
1750.0,120,0.058,0.776,0
1400.0,112,0.07,0.65,1
420.0,50,2.293,0.181,0
275.0,22,1.397,0.504,0
250.0,48,4.874,0.086,1
880.0,76,0.615,0.048,1
535.9,124,8.335,0.919,0
780.0,96,5.164,0.222,0
1700.0,129,0.188,0.526,1
1130.0,86,1.143,0.176,1
1250.0,139,1.312,0.495,1
620.0,75,4.216,0.211,0
800.0,100,0.481,0.564,1
820.0,65,0.345,0.526,1
990.0,73,2.234,0.644,0
1050.0,169,0.581,0.148,1
780.0,160,0.945,0.681,0
540.0,170,4.352,0.046,1
230.0,51,2.532,0.532,0
950.0,60,0.155,0.127,1
5890.0,250,0.227,0.461,0
780.0,75,0.324,0.015,0
482.0,74,4.002,0.281,0
3600.0,81,0.037,0.674,0
1190.0,95,0.113,0.349,1
950.0,166,4.403,0.919,1
190.0,57,9.249,0.974,0
1790.0,160,0.079,0.34,1
1900.0,90,0.39,0.551,1
430.0,64,5.849,0.68,0
260.0,73,9.387,0.43,0
695.0,67,0.338,0.489,1
600.0,85,5.875,0.706,1
3700.0,279,0.562,0.578,1
850.0,100,5.837,0.32,1
2100.0,130,0.23,0.781,0
3500.0,571,1.488,0.972,1
415.0,67,8.49,0.799,0
1600.0,95,0.421,0.122,1
990.0,112,0.097,0.997,0
920.0,83,0.644,0.25,1
579.0,48,1.184,0.747,0
840.0,156,1.018,0.13,1
275.0,61,8.8,0.022,0
715.0,70,0.438,0.467,0
1300.0,86,1.852,0.547,1
2000.0,110,0.171,0.209,1
405.0,69,1.305,0.84,0
350.0,60,6.666,0.433,0
1190.0,140,0.32,0.626,1
850.0,80,0.703,0.456,1
2450.0,214,0.146,0.964,1
1100.0,136,0.255,0.086,1
160.0,73,8.796,0.236,0
145.0,45,8.042,0.937,0
790.0,75,0.472,0.637,0
1160.0,112,2.408,0.824,1
1500.0,156,1.319,0.753,0
4800.0,236,0.053,0.8,1
1370.0,230,0.227,0.081,1
290.0,30,1.597,0.456,0
575.0,115,6.726,0.862,0
820.0,66,0.692,0.941,1
4387.0,429,2.148,0.915,1
370.0,50,1.985,0.929,0
1180.0,88,0.489,0.021,0
1050.0,83,0.324,0.167,1
730.0,96,5.176,0.621,0
420.0,33,0.551,0.839,0
1399.99,124,2.374,0.472,1
2100.0,120,0.565,0.237,1
2285.0,278,0.489,0.457,0
360.0,68,6.435,0.036,0
600.0,90,0.395,0.244,0
1500.0,148,0.111,0.092,0
295.0,77,7.857,0.063,0
430.0,63,5.951,0.385,0
750.0,98,4.136,0.674,1
245.0,48,8.338,0.973,0
795.0,300,0.422,0.001,0
555.0,60,4.376,0.216,0
2500.0,120,0.208,0.674,1
2400.0,180,1.028,0.598,1
3200.0,310,0.155,0.054,1
555.0,72,1.39,0.558,0
1200.0,318,0.853,0.109,0
450.0,115,5.089,0.582,0
720.0,75,6.21,0.167,0
750.0,98,4.97,0.991,0
2700.0,217,0.0,0.229,1
1760.0,131,2.079,0.897,0
3700.0,280,0.11,0.111,0
575.0,76,1.141,0.548,1
3900.0,400,0.11,0.186,1
739.0,75,1.197,0.873,0
2800.0,230,0.081,0.564,1
790.0,120,6.015,0.057,0
350.0,124,4.671,0.174,0
600.0,91,1.659,0.105,0
2650.0,249,2.267,0.803,1
860.0,140,4.619,0.144,1
2495.0,180,0.307,0.201,1
395.0,111,9.132,0.668,0
1850.0,120,1.438,0.035,0
555.9,66,4.1,0.944,1
580.0,119,0.986,0.211,0
1350.0,73,0.0,0.101,1
1700.0,202,0.759,0.046,1
1150.0,120,0.288,0.925,1
1550.0,139,3.295,0.012,1
530.0,74,4.229,0.117,0
1475.0,80,0.554,0.195,1
390.0,82,3.141,0.622,0
415.0,70,6.234,0.414,0
950.0,100,0.165,0.556,1
270.0,70,6.703,0.112,1
1150.0,99,0.058,0.782,1
5250.0,194,0.501,0.959,1
480.0,90,3.038,0.05,0
850.0,80,0.352,0.595,1
1500.0,107,0.651,0.07,1
10000.0,326,0.0,0.041,1
900.0,114,0.724,0.384,1
990.0,57,0.056,0.498,0
300.0,72,5.455,0.861,0
660.0,70,1.701,0.38,1
1675.0,156,1.94,0.362,1
2200.0,96,0.374,0.023,1
640.0,104,6.119,0.354,1
320.0,50,6.946,0.581,1
337.0,60,6.861,0.292,1
1200.0,70,0.283,0.25,1
990.0,139,0.438,0.955,1
550.0,103,6.854,0.06,0
1400.0,170,0.935,0.84,1
280.0,50,5.012,0.994,1
3200.0,230,0.046,0.348,1
650.0,57,1.678,0.056,0
790.0,130,0.548,0.084,0
525.0,78,5.872,0.515,0
1200.0,70,0.227,0.509,1
6800.0,265,0.003,0.609,1
3800.0,140,0.463,0.475,1
820.0,81,0.287,0.888,0
699.0,75,0.053,0.556,0
290.0,55,5.037,0.957,0
250.0,52,6.09,0.741,0
255.0,50,7.472,0.758,1
240.0,60,6.353,0.859,0
1099.0,85,0.611,0.862,1
330.0,67,13.328,0.066,1
371.0,58,1.377,0.012,0
4000.0,150,0.041,0.802,1
188.0,83,9.201,0.881,0
1250.0,122,0.179,0.908,1
579.5,120,4.103,0.987,0
2100.0,104,0.0,0.827,1
700.0,140,0.683,0.81,0
270.0,70,7.517,0.17,1
604.0,83,1.441,0.937,0
1399.0,166,5.126,0.032,1
450.0,57,7.288,0.093,0
180.0,21,1.03,0.743,0
630.0,39,0.921,0.481,0
11000.0,160,0.0,0.003,1
980.0,140,1.944,0.655,1
180.0,58,3.694,0.135,1
1200.0,94,0.892,0.652,0
550.0,48,0.363,0.927,0
129.0,55,14.27,0.42,1
749.0,52,0.143,0.929,0
1350.0,220,0.945,0.759,1
1950.0,150,0.021,0.615,1
430.0,71,7.279,0.835,0
1450.0,117,0.661,0.463,0
820.0,126,6.194,0.599,1
890.0,153,7.539,0.347,1
374.8,67,3.898,0.385,0
620.0,123,6.091,0.568,0
260.0,40,3.806,0.352,0
1090.0,100,0.692,0.889,0
339.6,60,6.267,0.547,0
210.0,68,8.208,0.79,0
660.0,76,0.335,0.796,1
3250.0,190,0.105,0.173,1
1080.0,160,7.014,0.002,1
590.0,114,7.286,0.931,0
1650.0,195,0.289,0.019,1
687.0,114,0.868,0.404,1
2950.0,278,0.683,0.766,1
1260.0,338,1.016,0.07,1
399.0,63,4.62,0.587,0
1200.0,209,1.009,0.886,1
210.0,58,3.694,0.515,1
7000.0,300,0.136,0.681,1
800.0,120,5.004,0.821,0
1950.0,100,0.294,0.589,1
950.0,149,4.755,0.587,1
635.0,155,1.736,0.987,0
520.0,96,7.446,0.117,0
1150.0,188,1.047,0.495,1
11900.0,530,0.036,0.976,1
2100.0,110,0.107,0.524,0
475.0,20,0.362,0.436,0
245.0,52,7.001,0.787,0
890.0,75,0.0,0.167,1
1180.0,95,0.329,0.824,0
1100.0,55,0.176,0.332,1
2990.0,146,0.474,0.529,1
720.0,80,0.976,0.875,0
870.0,105,0.736,0.349,1
1980.0,203,6.323,0.091,1
450.0,70,3.946,0.313,1
1470.0,130,0.349,0.833,1
1339.0,127,2.353,0.152,1
1500.0,67,0.126,0.306,1
240.0,35,4.27,0.697,0
720.0,93,1.175,0.539,0
1650.0,135,1.397,0.533,1
580.0,48,0.837,0.815,0
990.0,110,1.248,0.099,1
360.0,70,8.637,0.935,0
430.0,90,1.313,0.443,0
538.0,79,5.048,0.292,0
330.0,57,3.987,0.205,0
200.0,47,5.397,0.742,0
1800.0,138,0.3,0.516,1
2300.0,170,0.228,0.934,0
2599.0,247,1.927,0.299,1
1300.0,70,0.112,0.629,1
699.0,178,7.607,0.573,0
1200.0,240,5.36,0.743,1
410.0,77,0.071,0.559,1
465.0,127,12.503,0.814,0
1250.0,100,0.317,0.576,1
245.0,46,6.488,0.063,0
550.0,40,1.006,0.892,0
2200.0,215,0.007,0.93,0
2290.0,358,0.325,0.076,1
195.0,62,3.704,0.471,1
265.0,53,5.214,0.792,0
620.0,88,1.852,0.179,0
4990.0,190,0.082,0.425,1
1252.0,98,1.267,0.139,0
1399.0,105,1.825,0.658,1
1250.0,87,1.459,0.933,1
645.0,54,0.9,0.454,0
265.0,72,6.263,0.365,0
530.0,85,6.566,0.028,1
395.0,90,6.412,0.636,0
415.0,60,7.234,0.833,0
359.5,89,12.368,0.9,0
560.0,75,0.057,0.077,1
1100.0,152,2.014,0.589,1
1570.0,116,0.427,0.355,1
3200.0,113,0.439,0.38,1
430.0,90,0.468,0.177,1
780.0,100,5.167,0.74,0
700.0,73,1.554,0.241,1
1200.0,146,0.145,0.828,1
650.0,75,0.233,0.468,0
1560.0,103,1.689,0.139,0
558.0,130,0.836,0.169,0
930.0,165,0.418,0.986,1
550.0,105,7.377,0.147,0
5000.0,220,0.219,0.504,1
350.0,71,7.998,0.048,0
870.0,126,4.85,0.192,1
1000.0,115,0.243,0.697,0
1890.0,350,0.917,0.172,1
850.0,135,2.083,0.334,0
4000.0,190,0.36,0.867,1
1700.0,95,1.514,0.736,1
550.0,117,5.34,0.512,1
1200.0,134,0.504,0.66,0
1190.0,84,1.816,0.501,0
330.0,89,2.434,0.959,0
1630.0,127,0.17,0.003,1
598.56,102,1.826,0.012,0
500.0,90,8.792,0.726,1
650.0,78,0.744,0.253,0
290.0,52,4.995,0.442,0
9500.0,543,2.089,0.766,1
4200.0,215,1.657,0.585,1
580.0,115,5.51,0.139,0
430.0,82,4.432,0.712,0
990.0,187,0.824,0.174,1
410.0,73,9.472,0.536,0
780.0,107,5.182,0.759,0
660.0,49,0.019,0.138,1
300.0,37,5.64,0.005,0
859.0,50,0.037,0.124,1
1100.0,79,1.926,0.107,1
1290.0,97,3.295,0.216,1
385.0,65,4.763,0.67,1
1280.0,180,0.019,0.741,0
750.0,73,6.164,0.639,0
363.9,68,3.106,0.571,1
900.0,90,2.242,0.829,1
8000.0,278,0.18,0.344,1
3300.0,307,2.148,0.662,0
199.0,60,17.442,0.086,0
580.0,106,5.836,0.581,0
960.0,53,0.179,0.235,1
429.0,61,6.814,0.806,1
1900.0,190,0.445,0.932,1
250.0,67,6.698,0.885,0
1100.0,92,0.355,0.899,0
445.0,90,7.435,0.954,0
865.0,95,4.355,0.933,1
1590.0,85,0.497,0.166,1
1200.0,70,0.283,0.291,1
10700.0,500,0.438,0.646,1
1990.0,220,0.694,0.694,0
2000.0,240,3.064,0.894,0
1680.0,89,0.218,0.286,1
250.0,49,7.191,0.119,0
775.0,77,0.474,0.154,1
2299.0,202,1.013,0.778,1
990.0,190,1.028,0.152,1
380.0,64,8.727,0.27,0
345.0,55,7.752,0.898,1
210.0,60,7.527,0.86,0
400.0,93,5.045,0.849,0
1550.0,106,0.058,0.374,1
440.0,80,0.92,0.134,0
3550.0,240,0.108,0.214,0
1050.0,213,8.084,0.096,1
485.0,74,5.726,0.748,0
25000.0,430,0.029,0.612,0
179.0,60,6.663,0.534,1
520.0,112,8.608,0.677,1
165.0,45,11.279,0.872,0
125.0,48,12.189,0.249,0
320.0,26,0.217,0.508,0
3600.0,290,0.532,0.871,1
460.0,90,1.404,0.477,0
3500.0,289,0.056,0.836,0
2500.0,200,0.511,0.511,1
1040.0,150,0.472,0.095,1
475.0,68,6.114,0.946,0
2520.0,110,0.0,0.666,0
400.0,63,0.028,0.567,0
530.0,78,5.164,0.225,0
570.0,45,0.306,0.173,0
990.0,115,0.895,0.765,0
425.0,42,0.363,0.614,0
399.0,34,1.057,0.125,0
8000.0,319,1.296,0.398,1
480.0,70,1.176,0.812,0
3000.0,282,0.206,0.262,1
3800.0,376,1.927,0.233,1
800.0,42,0.03,0.614,1
355.0,76,8.195,0.722,0
319.5,53,8.283,0.553,0
220.0,59,6.84,0.204,1
1595.0,151,2.313,0.217,1
580.0,84,1.149,0.472,0
950.0,114,4.986,0.376,0
570.0,78,6.171,0.198,0
950.0,114,5.164,1.0,1
500.0,60,5.788,0.485,0
1180.0,90,0.769,0.876,1
1590.0,110,2.435,0.794,0
5184.0,210,0.447,0.188,1
865.0,79,1.251,0.679,1
1790.0,140,2.145,0.433,1
2500.0,115,0.807,0.372,1
950.0,190,0.41,0.224,1
790.0,86,6.664,0.146,0
450.0,65,4.92,0.59,0
259.0,55,5.136,0.379,0
315.0,80,4.43,0.854,0
1380.0,122,1.302,0.774,1
2650.0,90,0.47,0.192,1
2250.0,160,0.471,0.884,1
400.0,35,0.348,0.63,0
1290.0,134,6.468,0.138,1
500.0,89,5.962,0.744,0
289.0,74,5.825,0.861,0
399.0,62,3.29,0.711,0
2500.0,160,3.618,0.534,1
1290.0,90,0.173,0.169,1
650.0,166,7.574,0.959,1
870.0,130,1.01,0.176,1
750.0,132,3.295,0.97,0
390.0,96,7.486,0.993,1
2100.0,220,0.425,0.747,0
868.0,85,1.046,0.876,1
795.0,63,0.484,0.923,0
165.0,50,4.671,0.049,1
570.0,95,6.522,0.714,0
609.0,93,0.954,0.253,0
3400.0,151,0.47,0.806,1
220.0,80,7.252,0.255,0
389.0,66,4.224,0.063,0
410.0,66,7.473,0.006,1
380.0,70,7.459,0.583,1
799.0,120,0.724,0.103,0
810.0,85,0.692,0.048,1
1850.0,161,0.075,0.088,1
260.0,62,9.455,0.198,1
507.0,82,6.119,0.799,0
570.0,65,0.514,0.654,0
2100.0,330,0.193,0.897,0
1680.0,171,0.204,0.7,1
1000.0,87,0.698,0.172,1
946.5,110,2.587,0.272,0
2739.0,130,0.339,0.641,0
490.0,65,8.32,0.733,0
585.0,55,1.284,0.452,0
1250.0,120,0.279,0.453,1
5700.0,285,0.305,0.561,1
380.0,65,7.937,0.128,0
265.0,60,4.005,0.177,0
3100.0,146,0.32,0.91,0
1300.0,163,0.512,0.586,1
750.0,150,4.852,0.499,1
269.0,55,0.971,0.053,0
372.0,72,8.216,0.863,0
900.0,88,1.279,0.192,1
2950.0,90,0.071,0.129,1
650.0,96,1.062,0.14,1
580.0,86,4.596,0.517,0
847.0,82,0.644,0.743,1
800.0,137,1.108,0.084,0
3500.0,360,0.369,0.095,1
395.0,78,9.563,0.202,0
1000.0,70,0.327,0.935,0
630.0,73,4.891,0.131,0
1595.0,101,2.115,0.168,1
990.0,150,0.348,0.917,0
560.0,68,1.48,0.743,0
1890.0,88,0.687,0.769,0
1100.0,218,7.421,0.711,1
750.0,73,0.764,0.042,0
1900.0,214,0.221,0.016,1
10200.0,270,0.01,0.133,1
1200.0,85,0.542,0.747,1
345.0,58,9.413,0.853,0
700.0,74,1.179,0.116,1
840.0,65,0.229,0.292,1
249.0,60,5.734,0.19,1
799.9,172,1.829,0.581,0
412.2,60,6.814,0.54,0
270.0,53,8.257,0.774,0
1700.0,210,1.025,0.594,1
3500.0,90,0.059,0.754,1
530.0,32,0.32,0.337,0
1750.0,90,1.926,0.685,0
2250.0,180,0.687,0.61,1
1680.0,85,0.559,0.047,1
215.0,47,5.392,0.371,1
1179.0,72,2.346,0.817,1
1550.0,106,2.083,0.79,1
4500.0,85,0.128,0.545,1
574.9,80,1.464,0.345,0
600.0,90,4.887,0.239,0
850.0,85,5.562,0.334,1
998.0,78,0.859,0.219,0
510.0,98,6.119,0.063,0
3100.0,247,0.007,0.009,1
2630.0,245,0.683,0.042,1
1480.0,150,0.642,0.079,1
1800.0,85,0.76,0.544,1
1900.0,140,1.549,0.97,1
495.0,76,4.784,0.954,0
970.0,110,1.748,0.974,1
2600.0,170,0.042,0.646,1
849.0,110,0.863,0.536,1
780.0,118,1.037,0.461,0
1498.0,109,0.626,0.495,0
1580.0,136,2.552,0.868,1
2100.0,160,1.942,0.054,1
2000.0,101,0.693,0.12,1
300.0,60,3.696,0.702,0
5900.0,285,1.923,0.59,1
3900.0,343,0.716,0.773,1
1300.0,163,1.279,0.026,0
1200.0,92,0.735,0.794,1
750.0,110,7.946,0.219,0
1500.0,160,0.695,0.575,1
110.0,48,3.526,0.893,1
210.0,36,5.101,0.493,0
1250.0,140,1.152,0.654,1
420.0,47,6.293,0.173,0
995.0,128,0.374,0.146,1
450.0,56,4.829,0.907,0
920.0,81,0.174,0.063,1
1700.0,138,0.066,0.665,0
890.0,70,0.352,0.247,1
3300.0,180,0.982,0.94,1
2500.0,184,1.887,0.246,1
590.0,80,1.778,0.544,1
378.46,82,2.114,0.886,0
380.0,60,1.73,0.612,1
471.0,82,2.305,0.353,0
1100.0,220,7.189,0.086,1
4850.0,310,0.0,0.869,1
2300.0,118,1.133,0.876,0
1580.0,100,0.215,0.57,1
900.0,121,1.184,0.833,0
155.0,48,5.323,0.613,0
275.0,66,9.335,0.992,0
380.0,60,7.662,0.573,0
450.0,90,3.095,0.979,0
1150.0,96,2.109,0.026,1
900.0,160,6.242,0.735,1
6300.0,220,0.0,0.609,0
345.0,67,7.449,0.672,1
560.0,40,0.255,0.927,1
4000.0,350,1.102,0.2,1
2300.0,167,0.395,0.14,1
1350.0,110,0.201,0.64,1
2400.0,160,1.744,0.518,0
699.0,80,0.65,0.87,0
250.0,50,7.563,0.897,0
399.0,62,4.62,0.032,0
610.0,68,1.679,0.813,0
1350.0,40,0.129,0.666,1
949.0,119,4.455,0.886,1
2940.0,249,1.387,0.588,1
1100.0,59,0.56,0.297,1
376.52,64,12.058,0.525,0
323.0,50,6.89,0.788,1
650.0,75,1.179,0.964,0
1420.0,107,1.244,0.164,0
4500.0,215,0.056,0.544,0
1400.0,150,0.066,0.673,1
360.0,61,7.919,0.947,0
340.0,55,1.467,0.765,1
525.0,45,0.248,0.815,1
2000.0,86,0.074,0.171,1
535.5,43,0.427,0.635,0
680.0,148,8.241,0.938,0
4650.0,200,0.509,0.523,1
2500.0,90,0.438,0.407,1
721.0,75,6.801,0.438,0
3850.0,146,0.503,0.429,1
3150.0,264,0.391,0.096,1
740.0,87,5.991,0.556,0
1950.0,183,0.0,0.375,1
1600.0,385,1.022,0.318,1
970.0,67,0.394,0.324,1
1700.0,149,0.433,0.49,1
1800.0,90,0.571,0.156,1
1900.0,113,0.199,0.12,1
2100.0,217,1.112,0.382,0
190.0,55,7.963,0.725,0
4200.0,268,0.171,0.77,1
490.0,86,1.891,0.484,0
4890.0,170,0.026,0.447,1
430.0,83,0.412,0.525,0
315.0,76,9.283,0.427,0
4000.0,312,1.592,0.548,1
370.0,60,5.46,0.804,0
380.0,67,6.668,0.298,0
420.0,81,7.908,0.905,0
320.0,70,6.884,0.052,0
640.0,52,0.363,0.162,0
333.0,83,9.344,0.818,0
840.0,68,0.079,0.248,0
1550.0,90,0.233,0.278,1
599.0,85,4.448,0.388,1
1150.0,130,0.35,0.441,1
800.0,139,5.535,0.932,0
260.0,50,7.755,0.611,0
1250.0,172,0.276,0.912,1
490.0,68,4.52,0.797,0
315.0,29,1.112,0.579,0
570.0,70,6.956,0.549,0
970.0,102,2.337,0.383,0
3990.0,225,0.414,0.863,0
570.5,64,7.31,0.934,0
820.0,109,4.71,0.431,0
2400.0,85,0.071,0.678,0
2800.0,240,0.53,0.388,1
1000.0,69,0.062,0.101,1
2100.0,184,0.46,0.207,1
410.0,58,8.173,0.763,0
455.0,65,0.607,0.361,0
550.01,70,1.264,0.581,1
850.0,120,5.872,0.672,1
1400.0,84,1.817,0.278,0
320.0,56,4.352,0.015,0
1300.0,178,0.436,0.021,0
280.0,68,6.576,0.023,0
1350.0,99,1.554,0.322,1
2700.0,311,0.631,0.917,1
395.0,75,2.819,0.566,0
900.0,120,5.863,0.755,1
1290.0,286,1.078,0.346,1
1100.0,189,0.603,0.995,0
2390.0,239,1.939,0.102,1
1100.0,110,0.993,0.628,1
799.0,114,1.287,0.239,0
2100.0,200,0.079,0.457,1
595.0,80,2.347,0.699,1
4199.0,190,0.011,0.937,1
1080.0,77,2.031,0.394,1
10000.0,160,0.0,0.631,1
1480.0,75,0.195,0.902,1
540.0,63,0.888,0.544,1
950.0,64,0.121,0.841,1
2400.0,200,0.609,0.163,0
1900.0,157,0.143,0.703,1
950.0,147,5.437,0.173,0
1250.0,80,0.078,0.172,1
2950.0,380,0.747,0.996,0
1260.0,180,1.853,0.587,1
1180.0,180,1.177,0.903,1
3199.0,155,0.525,0.821,0
220.0,60,9.753,0.013,0
870.0,70,1.11,0.33,1
4500.0,625,0.092,0.25,1
540.0,74,4.919,0.032,0
265.0,50,9.309,0.225,0
650.0,59,1.048,0.621,0
500.0,68,4.38,0.744,0
1100.0,148,6.339,0.841,0
1200.0,149,0.515,0.389,1
835.0,137,1.108,0.083,1
320.0,56,5.846,0.037,0
525.0,65,6.614,0.041,0
930.0,100,0.271,0.568,1
1700.0,185,0.424,0.222,1
1150.0,106,3.064,0.771,0
260.0,70,16.189,0.724,0
240.0,49,6.022,0.472,1
5298.0,300,0.11,0.21,1
150.0,56,12.487,0.776,1
6950.0,742,0.092,0.005,1
560.0,96,8.442,0.025,0
756.0,96,4.986,0.549,1
3390.0,190,0.462,0.953,0
1600.0,170,0.378,0.863,1
1390.0,194,0.796,0.528,0
560.0,96,1.675,0.202,0
470.0,72,3.913,0.62,0
2500.0,260,0.656,0.538,1
1000.0,125,6.456,0.621,1
1950.0,110,0.435,0.645,1
735.0,79,0.439,0.536,0
1650.0,169,0.531,0.94,0
465.0,79,7.366,0.985,0
615.1,77,4.167,0.48,0
1600.0,163,0.171,0.903,1
985.0,130,0.447,0.974,1
1950.0,114,1.932,0.113,1
280.0,68,9.428,0.952,0
1208.0,80,0.689,0.349,1
550.0,88,0.685,0.065,0
640.0,44,0.324,0.343,0
540.0,63,8.254,0.96,0
530.0,42,0.312,0.768,0
860.0,55,0.023,0.298,1
1300.0,130,6.267,0.794,1
270.0,60,8.232,0.742,1
980.0,85,0.715,0.335,1
4195.0,117,0.108,0.325,1
847.0,89,0.95,0.43,1
3000.0,104,0.181,0.518,1
1280.0,126,0.562,0.25,1
2650.0,281,1.554,0.643,1
570.0,67,0.929,0.673,0
80.0,55,12.493,0.006,0
480.0,81,2.926,0.506,0
1600.0,120,0.016,0.475,1
830.0,84,1.644,0.762,0
11000.0,311,0.0,0.838,1
749.0,113,1.891,0.939,0
388.0,75,5.512,0.931,1
1100.0,140,0.236,0.25,1
2514.0,147,0.064,0.07,0
1295.0,140,2.125,0.159,0
1060.0,85,0.291,0.305,1
200.0,40,5.385,0.446,0
250.0,63,13.125,0.18,0
5904.0,267,1.554,0.557,0
2200.0,133,1.004,0.718,1
890.0,125,0.262,0.872,1
1300.0,220,1.218,0.068,1
3800.0,231,2.192,0.644,1
239.0,75,8.344,0.79,0
2150.0,200,1.996,0.2,1
790.0,66,1.461,0.184,1
420.0,71,6.204,0.022,0
3500.0,366,0.372,0.196,1
1200.0,79,2.395,0.042,0
580.0,60,0.34,0.552,0
1400.0,144,4.922,0.253,0
1350.0,87,0.298,0.014,1
350.0,86,6.275,0.205,1
380.0,84,8.197,0.671,0
490.0,71,6.204,0.582,0
575.0,80,0.934,0.687,0
1090.0,169,1.164,0.108,1
870.0,130,8.144,0.98,0
1350.0,130,5.93,0.284,0
1110.0,155,3.871,0.038,1
540.0,96,5.929,0.974,0
1480.0,150,0.686,0.004,1
1000.0,156,4.597,0.842,1
1450.0,220,0.302,0.595,0
1790.0,126,0.726,0.414,1
1150.0,88,0.764,0.132,1
310.0,54,7.013,0.384,1
900.0,107,5.164,0.931,1
555.3,210,2.031,0.588,1
290.0,65,4.829,0.377,1
1810.0,180,0.585,0.458,1
2800.0,320,0.482,0.319,1
354.0,60,6.468,0.201,0
1350.0,160,0.171,0.163,1
330.0,65,3.914,0.389,0
800.0,65,0.658,0.021,0
1750.0,268,0.125,0.319,0
1300.0,122,0.601,0.463,1
1150.0,85,2.653,0.83,1
190.0,43,5.439,0.494,0
2200.0,155,2.235,0.322,1
250.0,38,2.015,0.812,0
550.0,71,0.827,0.716,0
405.0,60,2.116,0.511,0
850.0,87,5.498,0.285,0
135.0,52,12.633,0.765,0
1120.0,115,1.559,0.788,1
300.0,56,8.794,0.35,0
265.0,60,7.741,0.451,1
280.0,56,7.719,0.517,0
260.0,60,7.0,0.927,0
540.0,89,0.937,0.037,0
520.0,95,5.814,0.014,0
1650.0,90,0.293,0.011,1
580.0,76,1.246,0.67,0
900.0,250,6.122,0.461,1
645.0,87,4.35,0.044,0
2280.0,278,0.489,0.407,1
1170.0,122,1.163,0.557,1
430.0,38,1.42,0.038,0
900.0,189,8.168,0.328,1
265.0,85,6.275,0.83,0
500.0,129,6.97,0.956,0
370.0,70,6.69,0.43,0
380.0,76,6.743,0.227,0
748.0,93,5.265,0.73,0
490.0,72,6.146,0.264,0
900.0,70,0.223,0.391,1
380.0,108,8.789,0.383,1
215.0,60,10.64,0.768,1
435.0,82,7.775,0.166,0
519.5,87,0.746,0.465,0
316.9,62,7.075,0.853,1
340.0,53,6.497,0.238,0
1150.0,270,0.36,0.888,1
1050.0,88,0.0,0.582,0
1720.0,80,0.689,0.221,1
4900.0,250,0.145,0.659,1
355.0,57,3.404,0.773,1
420.0,70,4.41,0.507,1
1100.0,83,0.698,0.015,0
1980.0,155,0.179,0.279,1
660.0,50,2.099,0.4,1
280.0,52,4.572,0.312,0
549.99,70,0.827,0.243,1
320.0,61,7.921,0.452,0
1700.0,93,0.416,0.521,1
4200.0,301,0.11,0.571,1
350.0,30,0.799,0.873,0
1150.0,163,5.498,0.016,1
320.0,81,7.821,0.445,0
1500.0,150,0.358,0.443,1
1050.0,78,2.368,0.945,1
650.0,77,5.188,0.624,0
1800.0,100,0.678,0.969,1
341.86,56,5.89,0.331,1
230.0,70,8.468,0.544,0
335.0,74,5.247,0.75,1
790.0,84,0.308,0.806,0
1075.0,105,1.163,0.59,1
2400.0,146,0.452,0.783,1
2100.0,155,0.118,0.61,1
1350.0,120,0.444,0.209,0
1219.99,204,1.086,0.032,1
549.0,80,6.778,0.184,0
289.0,51,8.753,0.004,1
2990.0,135,2.42,0.055,1
740.0,72,0.409,0.572,0
265.0,55,9.724,0.096,1
1950.0,120,1.554,0.973,1
175.0,21,2.77,0.637,0
1600.0,110,0.247,0.751,1
550.0,30,0.111,0.393,1
195.0,50,9.773,0.991,0
795.0,60,0.831,0.767,0
1620.0,160,2.295,0.382,1
1050.0,93,0.51,0.097,1
1693.0,205,4.423,0.546,1
479.0,85,12.458,0.936,0
1090.0,100,0.258,0.039,1
300.0,78,8.608,0.342,0
2500.0,178,0.594,0.373,1
409.0,85,13.074,0.539,0
170.0,40,6.992,0.825,0
550.0,55,0.357,0.903,1
1380.0,80,1.514,0.113,0
263.0,60,6.487,0.848,1
449.9,60,4.946,0.457,0
570.0,84,4.476,0.698,1
1550.0,230,0.509,0.234,1
1900.0,254,0.228,0.28,0
950.0,78,0.0,0.235,1
495.0,65,6.997,0.774,1
230.0,80,9.236,0.408,0
590.0,65,1.657,0.966,0
639.0,74,0.833,0.567,0
500.0,90,7.429,0.313,0
850.0,103,5.289,0.429,1
520.0,96,5.655,0.876,0
230.0,46,8.133,0.032,1
550.0,45,0.338,0.431,0
1350.0,140,0.155,0.053,0
2400.0,118,2.573,0.385,1
420.0,32,0.792,0.736,0
580.0,110,0.389,0.734,0
980.0,105,1.239,0.525,1
560.0,88,5.516,0.472,0
400.0,80,6.486,0.431,0
3600.0,296,4.423,0.053,0
549.0,84,0.749,0.111,1
530.0,40,0.472,0.844,1
465.8,43,2.094,0.81,0
889.9,120,0.421,0.995,1
235.0,60,5.006,0.952,0
500.0,81,8.148,0.466,0
780.0,72,0.373,0.706,0
1000.0,187,7.449,0.054,1
660.0,121,1.092,0.261,0
1600.0,235,0.509,0.505,1
840.0,160,7.019,0.729,0
190.0,50,8.131,0.281,0
1550.0,350,0.603,0.573,1
350.0,74,8.451,0.372,0
330.0,92,8.683,0.902,0
748.0,71,1.057,0.663,0
960.0,75,1.309,0.434,1
470.0,85,1.191,0.001,1
285.0,64,5.493,0.28,0
757.9,80,0.681,0.175,1
460.0,70,1.234,0.003,0
850.0,85,6.341,0.58,1
2700.0,186,0.307,0.854,1
580.0,117,5.875,0.372,0
490.0,110,7.615,0.216,1
2250.0,110,0.168,0.985,1
9000.0,693,0.584,0.278,1
249.0,74,9.106,0.812,0
750.0,60,0.269,0.33,0
1740.0,115,0.223,0.905,1
1580.0,160,0.516,0.588,1
5600.0,260,0.719,0.677,1
1073.0,143,5.128,0.671,1
1200.0,85,2.367,0.004,1
900.0,92,1.319,0.491,0
450.0,70,6.613,0.87,0
317.0,78,7.873,0.829,0
1049.0,106,0.853,0.132,1
1200.0,99,0.342,0.651,1
492.0,66,0.796,0.203,1
1900.0,97,0.287,0.663,1
16000.0,220,0.0,0.686,1
550.0,100,5.716,0.509,0
499.0,170,7.645,0.344,0
180.0,43,8.207,0.296,0
1290.0,216,1.026,0.001,1
600.0,68,0.266,0.298,0
1600.0,224,1.811,0.579,0
399.9,75,6.225,0.372,0
3150.0,268,1.269,0.258,0
950.0,110,0.338,0.46,1
1250.0,160,0.164,0.516,1
1890.0,340,1.349,0.104,0
3700.0,201,1.181,0.86,1
850.0,91,1.801,0.319,0
300.0,42,6.563,0.941,0
680.0,120,0.998,0.462,0
240.0,30,2.227,0.553,0
465.0,72,4.852,0.611,1
490.0,31,0.443,0.002,0
3480.0,436,0.238,0.486,1
499.0,78,3.99,0.838,0
2200.0,182,0.381,0.554,1
265.0,66,6.44,0.043,0
300.0,25,0.079,0.928,0
985.0,110,0.42,0.213,1
950.0,30,0.198,0.61,1
6300.0,213,0.022,0.231,1
1150.0,120,0.326,0.304,1
1580.0,152,3.064,0.533,1
1149.0,120,1.623,0.213,1
1260.0,90,1.155,0.061,1
170.0,38,4.634,0.342,0
585.0,153,4.285,0.037,1
280.0,76,7.938,0.587,0
310.0,70,7.625,0.062,0
12000.0,410,0.146,0.78,1
290.0,64,6.405,0.199,0
870.0,75,1.829,0.797,1
2000.0,100,0.438,0.932,1
700.0,39,1.176,0.97,0
480.0,98,8.87,0.817,0
1080.0,114,0.724,0.779,1
470.0,86,1.146,0.918,0
740.0,165,1.464,0.74,1
700.0,130,6.804,0.157,0
730.0,68,0.731,0.077,1
430.0,63,6.747,0.737,0
549.15,60,7.293,0.403,0
270.0,64,9.808,0.476,0
318.0,53,7.083,0.926,0
2150.0,219,0.538,0.022,1
560.0,37,0.143,0.162,0
4100.0,525,0.572,0.974,1
898.0,138,6.264,0.609,1
3600.0,200,0.096,0.346,1
2500.0,136,0.118,0.915,1
629.0,85,1.231,0.064,0
659.0,75,0.323,0.799,0
1300.0,142,2.148,0.001,1
1370.0,106,0.218,0.933,1
550.0,95,5.726,0.058,0
810.0,100,0.163,0.343,0
280.0,65,12.053,0.25,0
525.0,83,6.153,0.352,1
445.0,67,8.195,0.689,1
1490.0,160,0.848,0.753,1
750.0,200,7.446,0.817,0
1500.0,300,0.85,0.177,1
11500.0,382,0.0,0.466,1
1153.9,130,2.164,0.247,1
450.0,70,8.144,0.031,0
395.0,84,2.134,0.384,0
210.0,56,3.648,0.058,0
360.0,63,3.348,0.051,0
399.0,50,1.064,0.747,0
1900.0,115,1.369,0.861,1
439.0,35,0.443,0.496,0
2800.0,365,0.312,0.146,1
1260.0,116,0.931,0.8,1
1050.0,94,0.455,0.999,1
2290.0,210,1.147,0.025,0
470.0,75,7.189,0.838,1
1500.0,150,0.488,0.108,1
590.0,89,6.461,0.355,0
500.0,120,0.225,0.311,0
3200.0,209,1.491,0.738,0
820.0,200,8.902,0.109,1
280.0,88,8.904,0.475,0
2700.0,300,0.247,0.047,1
360.0,75,7.781,0.022,0
215.0,55,10.011,0.083,0
6000.0,250,0.089,0.608,1
660.0,101,4.215,0.225,0
2690.0,271,0.599,0.792,0
3200.0,180,0.185,0.121,1
760.0,86,1.652,0.505,0
336.0,55,6.604,0.271,0
210.0,47,9.773,0.741,0
479.0,91,2.805,0.336,0
13000.0,392,0.033,0.411,0
429.9,96,5.164,0.831,0
165.0,68,17.963,0.871,1
398.0,75,6.464,0.946,0
2190.0,130,0.172,0.711,1
1200.0,133,5.215,0.383,1
1180.0,146,4.765,0.461,1
695.0,65,0.202,0.635,0
870.0,93,1.211,0.205,1
1100.0,96,0.191,0.011,1
375.0,40,0.919,0.976,0
875.0,100,7.459,0.374,0
1500.0,110,0.24,0.308,1
2000.0,200,0.171,0.515,1
480.0,45,0.708,0.913,0
530.0,68,4.591,0.964,0
735.0,110,1.283,0.283,0
525.0,76,6.466,1.0,0
1500.0,95,1.101,0.412,1
550.0,64,4.561,0.77,0
899.0,120,4.866,0.056,1
898.0,85,2.395,0.167,1
1200.0,88,1.397,0.267,0
1580.0,138,2.552,0.312,1
330.0,57,8.686,0.498,0
250.0,71,7.542,0.766,1
850.0,78,2.377,0.359,1
2100.0,191,0.467,0.714,0
944.0,90,2.242,0.637,1
850.0,70,1.106,0.375,1
940.0,92,0.939,0.354,1
1400.0,140,0.464,0.386,1
559.0,111,0.285,0.826,0
4980.0,300,0.123,0.949,1
235.0,62,3.559,0.203,0
360.0,82,8.17,0.247,0
760.0,120,4.563,0.16,0
2500.0,120,0.732,0.926,1
2800.0,170,2.435,0.375,1
2100.0,60,0.313,0.95,1
1050.0,123,1.276,0.732,0
710.0,85,0.701,0.168,1
1450.0,115,0.364,0.778,1
900.0,90,0.337,0.207,1
2100.0,92,1.469,0.742,1
1150.0,104,1.136,0.806,1
545.0,67,6.746,0.287,1
890.0,350,9.059,0.498,0
469.0,68,1.72,0.108,0
1550.0,118,6.143,0.972,1
357.0,53,4.942,0.643,0
650.0,92,1.412,0.87,0
265.0,51,7.135,0.521,0
540.0,82,8.31,0.704,0
2000.0,110,0.171,0.691,1
320.0,96,9.295,0.883,0
220.0,51,8.777,0.264,1
1650.0,146,0.091,0.072,1
210.0,48,9.249,0.757,0
1450.0,166,4.98,0.975,1
1700.0,191,0.81,0.696,1
185.0,40,9.622,0.38,0
190.0,75,2.219,0.036,1
4700.0,210,0.209,0.536,1
269.0,55,3.792,0.051,0
580.0,84,4.713,0.527,1
3190.0,170,0.229,0.936,1
950.0,100,2.07,0.824,0
790.0,121,1.681,0.051,0
370.0,61,12.066,0.994,0
3600.0,415,0.342,0.88,1
2300.0,200,0.094,0.898,1
1400.0,132,1.093,0.863,0
430.0,70,5.337,0.899,1
330.0,70,7.637,0.818,0
1490.0,84,0.969,0.66,1
1500.0,135,0.713,0.406,1
613.0,87,6.105,0.173,0
1400.0,72,0.762,0.591,0
320.0,72,6.999,0.232,0
190.0,48,5.376,0.763,1
10800.0,350,0.03,0.275,1
440.0,70,5.817,0.004,0
2300.0,260,0.152,0.588,1
230.0,65,4.002,0.243,0
310.0,73,5.103,0.778,0
330.0,75,1.85,0.921,0
2375.0,68,0.112,0.608,1
1956.8,192,3.295,0.346,0
215.0,76,8.966,0.572,1
400.0,80,7.817,0.714,1
2100.0,227,3.295,0.029,1
1900.0,130,1.004,0.114,1
1500.0,165,1.149,0.615,1
750.0,120,0.676,0.161,1
895.0,137,6.691,0.772,0
950.0,45,0.122,0.761,1
1390.0,103,0.909,0.508,1
500.0,73,4.595,0.14,0
910.0,78,0.705,0.02,1
650.0,66,0.552,0.016,0
246.0,52,5.567,0.747,0
645.0,102,4.492,0.47,0
1800.0,240,5.236,0.752,1
1350.0,221,2.762,0.361,0
1300.0,110,0.324,0.565,1
245.0,70,7.098,0.779,1
1580.0,110,1.47,0.852,0
420.0,78,7.638,0.666,0
4750.0,200,0.0,0.882,1
2100.0,140,0.686,0.741,1
12000.0,391,0.033,0.427,1
750.0,86,0.657,0.445,0
2980.0,200,0.408,0.439,1
645.0,84,1.472,0.311,0
880.0,96,0.65,0.598,0
369.6,62,2.019,0.577,0
887.8,115,0.083,0.56,1
1600.0,125,0.274,0.346,1
1179.99,120,1.679,0.505,1
969.0,100,0.84,0.49,1
390.0,76,7.91,0.303,0
365.0,90,1.163,0.032,0
3980.0,278,0.188,0.048,1
2624.99,320,0.13,0.421,1
1399.99,251,1.148,0.719,0
3100.0,150,0.32,0.29,0
710.0,121,1.657,0.946,0
290.0,77,5.527,0.577,1
490.0,68,5.012,0.606,0
1600.0,130,0.153,0.376,1
1740.0,100,0.0,0.512,1
1300.0,123,0.804,0.832,1
370.0,80,5.518,0.268,1
245.0,92,3.944,0.905,0
1600.0,165,1.011,0.305,0
2100.0,205,1.482,0.892,1
355.0,63,6.974,0.623,0
1400.0,77,0.305,0.936,1
342.0,20,0.43,0.876,0
1600.0,140,0.223,0.1,0
1250.0,176,1.39,0.066,1
2200.0,126,0.013,0.755,1
185.0,55,4.39,0.961,1
600.0,63,4.464,0.002,1
500.0,94,5.511,0.219,0
122.0,44,8.429,0.218,0
1260.0,150,4.986,0.809,1
400.0,70,7.118,0.77,0
179.0,55,11.906,0.928,0
1100.0,127,6.438,0.756,1
430.0,77,4.586,0.105,1
730.0,103,8.301,0.794,0
3679.0,125,1.459,0.439,1
220.0,65,5.652,0.562,0
2000.0,220,0.407,0.571,1
3500.0,140,0.458,0.552,1
890.0,90,0.415,0.785,1
550.0,80,0.863,0.643,0
330.0,60,6.237,0.827,0
399.0,65,4.095,0.911,0
850.0,108,6.851,0.688,1
3650.0,230,0.751,0.174,0
749.99,80,0.017,0.569,0
660.0,86,7.729,0.502,0
1650.0,143,0.857,0.718,0
399.0,60,2.148,0.677,0
1100.0,114,0.331,0.726,0
550.0,80,8.31,0.504,1
1380.0,126,0.501,0.758,1
219.0,60,7.401,0.633,1
890.0,95,0.473,0.681,1
350.0,70,5.917,0.247,0
690.0,99,1.231,0.672,0
840.0,114,7.42,0.135,1
480.0,65,2.129,0.265,0
2980.0,277,0.353,0.484,1
475.0,84,5.857,0.005,0
5500.0,297,0.654,0.226,1
310.0,52,5.91,0.605,1
840.0,90,4.841,0.472,1
2380.0,220,2.34,0.254,1
1290.0,120,0.121,0.828,1
850.0,114,7.477,0.709,1
4100.0,230,0.0,0.35,1
1125.0,150,5.105,0.61,1
1700.0,93,0.846,0.382,1
4200.0,190,0.049,0.919,0
280.0,170,8.44,0.934,0
1400.0,142,5.215,0.939,1
590.0,141,5.633,0.053,0
1050.0,160,0.403,0.357,0
2190.0,201,0.51,0.894,0
360.0,20,0.27,0.235,1
6000.0,170,0.0,0.343,1
420.0,35,0.372,0.376,0
900.0,118,1.327,0.406,1
1060.0,96,4.801,0.907,1
4600.0,171,0.054,0.267,1
845.0,66,1.218,0.958,1
575.0,85,0.729,0.295,0
1150.0,109,1.489,0.069,1
390.0,47,1.51,0.234,0
1500.0,130,0.094,0.437,1
135.0,47,10.059,0.886,0
215.0,50,7.718,0.007,0
1010.6,96,2.601,0.574,1
1150.0,260,7.562,0.537,0
790.0,80,2.462,0.682,0
2395.0,328,4.256,0.916,1
1380.0,207,6.693,0.647,0
460.0,50,0.298,0.847,0
528.54,66,4.142,0.227,0
1100.0,70,1.942,0.113,0
399.0,70,12.702,0.14,1
495.0,50,2.214,0.854,0
3450.0,140,0.458,0.031,1
380.0,73,8.195,0.952,0
420.0,70,6.481,0.933,0
300.0,57,9.163,0.708,0
1600.0,176,1.02,0.057,1
750.0,84,1.06,0.832,1
1150.0,110,2.44,0.524,1
445.0,65,5.314,0.351,0
1250.0,180,1.19,0.853,1
580.0,113,6.06,0.279,1
1600.0,181,1.271,0.457,1
989.0,130,0.404,0.999,1
350.0,60,1.773,0.757,0
310.0,77,8.433,0.432,0
890.0,85,0.7,0.984,1
510.0,70,1.12,0.721,0
3800.0,400,0.342,0.313,1
469.0,40,0.565,0.806,1
170.0,46,6.992,0.352,1
2400.0,98,0.22,0.723,1
690.0,140,7.638,0.483,0
315.0,63,1.409,0.364,0
349.0,70,6.854,0.327,0
240.0,25,1.234,0.908,0
1050.0,70,0.348,0.973,0
550.0,111,8.076,0.277,0
400.0,44,2.441,0.882,0
766.7,100,5.983,0.02,0
2200.0,350,0.235,0.941,1
378.0,75,4.503,0.999,0
350.0,58,7.61,0.629,1
5800.0,160,0.0,0.356,0
2300.0,170,2.56,0.987,1
1150.0,233,8.064,0.094,1
2300.0,186,0.281,0.247,1
5500.0,350,0.087,0.942,1
2150.0,96,0.323,0.696,1
430.0,65,1.629,0.649,0
1530.0,146,2.26,0.858,1
842.0,290,7.587,0.116,1
2950.0,120,0.47,0.648,1
490.0,79,7.49,0.043,1
190.0,39,5.955,0.788,1
560.0,97,0.895,0.389,0
1250.0,78,0.991,0.7,1
180.0,50,5.587,0.549,0
250.0,50,4.453,0.735,1
1400.0,144,0.455,0.15,1
550.0,110,7.455,0.137,0
3450.0,180,0.497,0.294,1
760.0,118,1.028,0.9,0
360.0,78,1.793,0.739,1
500.0,65,1.034,0.379,0
294.77,50,5.493,0.737,0
1700.0,160,2.353,0.1,1
480.0,70,0.208,0.506,1
265.0,54,5.652,0.62,1
290.0,65,9.139,0.247,0
2400.0,165,0.547,0.044,1
1590.0,85,0.555,0.112,1
800.0,142,2.167,0.741,1
580.0,45,0.367,0.132,0
2850.0,140,0.438,0.562,1
530.0,88,8.22,0.376,0
7000.0,110,0.318,0.509,1
680.0,66,0.632,0.37,0
175.0,55,6.962,0.311,0
255.0,62,7.873,0.517,0
2800.0,175,2.532,0.303,1
1600.0,146,0.146,0.575,0
950.0,75,1.106,0.496,1
525.0,75,5.726,0.332,1
499.0,70,6.249,0.151,0
1180.0,146,4.804,0.207,1
750.0,75,1.581,0.967,0
429.0,81,3.106,0.736,1
620.0,83,5.92,0.678,0
300.0,73,3.102,0.742,1
327.98,63,5.263,0.21,0
630.0,115,8.335,0.917,0
460.0,109,5.814,0.343,0
689.0,109,7.403,0.438,1
372.0,75,4.811,0.469,0
795.0,70,0.484,0.876,1
5700.0,285,0.118,0.963,1
239.99,36,5.55,0.865,0
530.0,72,6.773,0.157,0
1200.0,130,1.08,0.036,1
720.0,78,2.242,0.078,0
1800.0,121,1.885,0.672,1
480.0,93,7.965,0.653,0
1500.0,90,2.159,0.885,1
879.99,179,4.724,0.623,1
5200.0,430,0.356,0.383,1
850.0,65,0.468,0.963,1
520.0,65,1.21,0.709,0
180.0,65,8.443,0.34,0
449.0,115,4.134,0.131,1
1730.0,110,0.997,0.067,1
420.0,70,1.377,0.548,0
350.0,68,7.597,0.53,0
970.0,90,0.191,0.143,0
3000.0,287,0.256,0.984,1
2500.0,157,0.018,0.106,1
1950.0,145,0.229,0.696,1
650.0,80,0.967,0.474,0
905.0,66,0.352,0.271,1
1450.0,79,0.208,0.589,1
350.0,60,8.283,0.672,0
1650.0,109,0.082,0.98,1
1300.0,140,0.422,0.264,0
540.0,96,5.268,0.477,0
1600.0,306,0.417,0.887,1
3300.0,195,0.485,0.052,1
890.0,85,1.126,0.558,1
590.0,72,6.794,0.666,0
380.0,77,1.554,0.357,0
850.0,89,0.718,0.738,1
1000.0,240,1.094,0.031,1
399.0,86,10.397,0.811,0
720.0,45,0.119,0.252,0
850.0,100,5.183,0.658,1
340.0,65,1.054,0.433,0
295.0,65,7.496,0.859,0
1698.0,165,1.006,0.401,1
2100.0,90,0.111,0.103,0
600.0,97,4.744,0.072,0
315.0,66,9.336,0.712,0
425.74,40,2.094,0.361,0
3480.0,291,0.487,0.684,1
328.0,57,1.86,0.973,0
1980.0,126,0.17,0.756,1
1150.0,77,1.121,0.586,0
1470.0,197,4.423,0.013,1
370.0,75,5.019,0.627,0
650.0,152,0.582,0.155,0
129.0,45,12.854,0.809,0
490.0,78,4.455,0.538,0
1200.0,124,0.432,0.985,1
1350.0,275,0.001,0.746,1
3000.0,310,0.0,0.904,1
2250.0,89,0.884,0.612,1
1100.0,130,1.316,0.66,1
800.0,72,6.135,0.244,0
1700.0,127,0.143,0.06,1
1890.0,117,0.013,0.162,1
315.0,75,9.605,0.326,0
660.0,169,8.908,0.953,1
800.0,67,1.091,0.857,0
2850.0,165,2.041,0.512,0
4990.0,205,0.143,0.397,0
670.0,167,6.195,0.798,1
270.0,32,1.425,0.903,0
7000.0,196,0.095,0.856,0
1280.0,193,1.39,0.707,1
1950.0,170,1.584,0.429,1
710.0,116,0.887,0.23,0
480.0,81,1.104,0.203,0
880.0,83,0.404,0.633,0
510.0,100,5.921,0.06,1
1100.0,60,0.496,0.591,1
1280.0,89,0.554,0.305,1
615.0,90,6.197,0.225,0
1730.0,130,0.226,0.256,1
530.0,61,1.28,0.964,0
800.0,69,0.334,0.264,0
980.0,120,0.338,0.41,1
1980.0,220,5.811,0.697,1
8400.0,245,0.0,0.087,1
4900.0,750,1.554,0.86,0
890.0,110,2.113,0.466,0
680.0,67,0.201,0.675,1
380.0,67,8.159,0.892,0
256.0,51,5.136,0.727,1
205.0,53,9.773,0.785,0
1550.0,100,1.956,0.938,1
1400.0,77,0.305,0.003,1
1500.0,50,0.091,0.371,1
1780.0,165,0.194,0.722,1
550.0,70,4.494,0.22,0
1159.9,110,2.44,0.475,1
750.0,84,5.825,0.458,0
6950.0,169,0.0,0.067,1
647.2,78,4.167,0.723,1
1080.0,95,0.791,0.577,1
980.0,150,1.842,0.768,1
4000.0,136,0.0,0.701,0
325.0,52,8.742,0.958,0
245.0,70,7.809,0.521,1
650.0,106,10.804,0.851,0
150.0,55,8.491,0.471,0
610.0,97,1.097,0.656,0
295.0,60,0.997,0.666,0
450.0,37,0.644,0.258,0
395.0,96,8.519,0.303,1
1480.0,85,0.644,0.668,1
1100.0,90,1.596,0.952,1
240.0,72,5.337,0.756,0
800.0,70,1.182,0.576,0
480.0,75,5.928,0.299,0
990.0,178,0.562,0.813,1
399.0,70,4.424,0.893,0
1250.0,94,0.994,0.34,1
249.0,55,5.577,0.577,0
480.0,90,1.343,0.876,0
950.0,97,0.378,0.804,0
730.0,79,0.079,0.718,0
330.0,55,5.89,0.982,1
300.0,98,6.76,0.269,0
3300.0,161,0.195,0.113,0
350.0,73,4.816,0.805,0
276.0,60,5.567,0.901,0
199.0,65,7.252,0.183,0
5300.0,430,0.018,0.383,1
500.0,77,4.185,0.69,0
200.0,60,7.272,0.432,0
300.0,57,9.098,0.697,0
2100.0,98,0.086,0.81,1
3150.0,205,0.39,0.638,1
450.0,78,1.576,0.558,0
160.0,37,8.036,0.855,1
4200.0,190,0.049,0.377,1
680.0,59,0.915,0.683,1
2180.0,272,1.82,0.969,1
360.0,50,4.429,0.28,1
1850.0,126,1.234,0.407,1
580.0,77,6.501,0.076,0
320.0,126,4.061,0.21,0
480.0,67,6.488,0.144,0
160.0,40,10.647,0.189,0
7200.0,435,1.641,0.23,1
630.0,50,0.285,0.448,0
515.0,72,1.773,0.48,0
1100.0,149,4.755,0.012,1
180.0,42,8.327,0.993,0
385.0,67,5.951,0.778,0
569.0,114,1.676,0.268,0
295.0,65,5.263,0.575,0
1120.0,110,2.587,0.634,1
1350.0,161,0.261,0.894,1
950.0,112,0.981,0.754,1
2495.0,350,2.106,0.381,1
440.0,33,0.756,0.288,0
170.0,60,3.846,0.072,0
1250.0,180,0.938,0.981,1
380.0,80,3.433,0.329,0
5890.5,590,1.546,0.36,1
2500.0,130,2.085,0.918,1
293.0,78,2.923,0.853,1
2475.0,99,0.864,0.61,0
2900.0,166,0.188,0.85,1
780.0,60,0.371,0.914,0
790.0,69,0.443,0.096,0
1145.4,160,3.283,0.972,0
5750.0,240,0.033,0.34,1
240.0,68,7.885,0.624,0
590.0,80,6.745,0.968,0
6500.0,160,0.049,0.158,1
1050.0,115,4.355,0.557,1
6850.0,260,0.205,0.164,0
930.0,80,0.499,0.11,1
500.0,84,8.748,0.161,0
294.2,67,5.931,0.279,0
1150.0,73,1.121,0.767,1
1080.0,89,6.955,0.462,0
2642.42,101,1.096,0.553,0
6500.0,250,0.032,0.212,0
730.0,112,5.126,0.32,0
295.0,50,3.754,0.736,0
1275.0,80,0.611,0.421,1
1780.0,140,0.091,0.345,1
1170.0,108,2.374,0.21,1
640.0,151,7.384,0.037,0
9500.0,400,0.4,0.892,1
6800.0,190,0.0,0.706,1
550.0,64,0.0,0.211,0
650.0,50,0.386,0.538,0
369.0,76,4.388,0.02,0
1330.0,100,1.466,0.897,1
1700.0,120,1.257,0.855,1
1750.0,200,3.064,0.997,1
1995.0,120,0.571,0.017,1
198.99,77,5.739,0.609,0
2200.0,240,0.081,0.79,1
1230.0,143,5.12,0.67,1
1790.0,184,0.479,0.315,1
700.0,93,6.409,0.233,0
990.0,81,0.395,0.649,1
950.0,110,0.334,0.157,1
340.0,60,7.496,0.91,1
915.0,84,1.568,0.316,0
870.0,186,6.964,0.853,1
1300.0,97,0.341,0.45,1
320.0,47,6.741,0.938,0
2350.0,96,0.356,0.166,0
3400.0,180,0.067,0.702,1
380.0,140,5.561,0.786,0
2400.0,128,2.173,0.941,1
2300.0,118,1.29,0.819,1
400.0,100,7.44,0.069,0
1450.0,80,0.609,0.473,1
4500.0,228,0.131,0.643,1
598.0,40,2.176,0.513,0
750.0,83,5.825,0.734,0
889.0,75,1.479,0.777,0
715.0,65,0.439,0.368,0
700.0,81,0.991,0.659,0
300.0,45,4.277,0.226,0
680.0,117,4.071,0.901,0
880.0,70,0.685,0.882,0
1999.0,110,1.065,0.708,1
698.0,120,10.644,0.355,0
1325.0,105,0.275,0.658,1
3500.0,212,0.021,0.011,0
750.0,150,4.906,0.542,0
475.0,65,5.564,0.282,0
299.0,75,7.247,0.161,0
630.0,84,7.227,0.293,1
550.0,85,4.924,0.283,0
400.0,90,5.765,0.458,0
270.5,60,5.558,0.588,0
1525.0,120,0.627,0.831,1
500.0,81,1.279,0.918,0
741.17,144,2.114,0.597,0
350.0,40,1.196,0.478,0
115.0,50,11.223,0.592,0
1500.0,107,1.252,0.931,1
520.0,69,8.32,0.948,0
1248.4,75,1.465,0.264,1
249.0,30,2.057,0.789,1
447.0,69,2.819,0.678,0
1700.0,165,1.011,0.739,1
1250.0,90,1.013,0.017,1
600.0,88,1.215,0.62,0
3500.0,240,0.555,0.422,1
4200.0,327,0.798,0.095,1
3000.0,300,2.188,0.468,1
1050.0,75,0.411,0.189,0
2350.0,156,0.114,0.554,1
7950.0,400,0.11,0.304,1
450.0,65,6.224,0.199,1
900.0,55,0.203,0.024,1
790.0,78,0.937,0.59,0
735.0,100,2.321,0.155,0
695.0,115,6.586,0.802,0
600.0,43,0.354,0.094,0
475.0,85,8.088,0.253,0
1210.0,145,0.813,0.423,0
1580.0,212,0.208,0.676,1
900.0,70,0.062,0.216,1
1300.0,303,0.598,0.047,1
1200.0,100,0.693,0.936,1
950.0,87,0.253,0.398,1
1580.0,90,0.191,0.684,1
278.0,53,4.161,0.831,0
750.0,80,1.057,0.492,0
800.0,178,7.681,0.797,0
1380.0,160,0.471,0.723,0
420.0,40,0.546,0.853,0
305.0,60,7.457,0.665,0
750.0,126,4.723,0.936,0
480.0,69,8.31,0.58,0
750.0,68,0.841,0.827,0
640.0,61,0.856,0.539,0
530.0,70,1.356,0.149,0
850.0,116,0.262,0.004,1
430.0,144,8.085,0.587,1
22000.0,500,0.056,0.539,1
180.0,44,6.007,0.388,1
220.0,45,7.289,0.495,0
670.0,100,0.849,0.853,0
450.0,75,7.91,0.948,0
635.0,120,1.554,0.946,0
300.0,87,8.613,0.523,0
1100.0,108,1.132,0.687,1
1100.0,144,4.546,0.071,1
450.0,80,8.779,0.734,0
840.0,76,0.566,0.024,0
450.0,92,4.487,0.735,0
9200.0,420,0.021,0.841,1
990.0,150,0.348,0.573,1
1380.0,121,1.325,0.817,1
430.0,74,2.181,0.864,0
410.0,66,8.245,0.466,1
430.0,33,1.884,0.85,0
1100.0,116,0.683,0.259,1
650.0,107,8.509,0.137,1
889.99,114,5.072,0.699,0
800.0,147,7.709,0.442,0
800.0,158,6.099,0.191,0
4800.0,200,0.148,0.392,1
1100.0,153,5.032,0.135,1
349.0,65,6.195,0.379,0
850.0,96,1.149,0.999,1
3500.0,340,17.607,0.924,1
4200.0,154,0.074,0.313,1
225.0,64,1.818,0.191,0
960.0,100,1.129,0.722,1
551.0,90,5.763,0.509,0
520.0,45,1.738,0.142,0
1500.0,102,2.564,0.456,1
1200.0,60,0.763,0.355,1
1000.0,125,0.359,0.018,1
890.0,100,0.713,0.738,1
269.0,38,1.598,0.925,0
135.45,55,6.287,0.964,0
1649.99,224,2.106,0.519,1
798.0,110,0.496,0.345,0
2300.0,158,0.491,0.16,1
3000.0,230,1.554,0.081,0
5000.0,436,1.555,0.07,1
290.0,62,9.33,0.539,0
450.0,108,0.056,0.695,0
920.0,77,0.176,0.741,0
430.0,65,1.998,0.573,0
1580.0,100,0.287,0.48,1
1200.0,71,0.29,0.513,1
1790.0,150,1.025,0.994,1
693.0,89,1.125,0.735,1
299.99,36,3.028,0.14,0
550.0,160,6.452,0.933,0
550.0,65,0.77,0.554,0
2850.0,117,0.152,0.622,1
1850.0,215,0.3,0.95,1
1700.0,95,0.158,0.678,0
950.0,65,0.959,0.879,0
730.0,84,0.707,0.941,1
790.0,70,0.965,0.167,0
2200.0,130,0.353,0.6,1
2100.0,96,0.086,0.291,1
196.0,50,9.559,0.177,0
2895.0,152,1.152,0.054,1
2700.0,168,0.544,0.59,1
950.0,110,0.222,0.618,1
10000.0,282,0.0,0.554,1
2800.0,206,0.653,0.029,0
1750.0,280,0.36,0.94,1
1360.0,120,5.215,0.406,1
360.0,80,6.045,0.593,0
7500.0,280,0.0,0.836,1
520.0,38,1.42,0.791,0
1650.0,104,2.489,0.927,1
380.0,81,13.904,0.215,0
630.0,62,0.757,0.296,0
650.0,120,7.102,0.397,1
795.0,72,0.73,0.5,0
2100.0,150,0.423,0.348,0
428.0,71,3.241,0.732,0
430.0,43,5.654,0.448,0
950.0,137,8.537,0.14,1
542.7,60,6.746,0.233,1
2180.0,220,2.314,0.26,1
630.0,85,4.216,0.746,0
900.0,55,0.769,0.707,1
1200.0,175,0.921,0.087,1
430.0,70,5.892,0.256,0
300.0,33,0.039,0.546,1
700.0,26,0.289,0.322,0
375.0,90,7.436,0.625,0
750.0,83,0.73,0.091,0
759.0,78,1.114,0.759,0
474.0,88,6.851,0.636,0
1280.0,120,1.164,0.866,1
2200.0,209,1.247,0.799,1
650.0,159,3.117,0.026,0
249.0,21,1.529,0.503,0
2989.99,240,1.487,0.154,1
1430.0,94,1.181,0.561,1
4200.0,190,0.056,0.737,1
590.0,144,7.998,0.138,0
7000.0,400,1.342,0.133,0
340.0,25,0.173,0.654,0
980.0,196,4.783,0.923,1
420.0,80,7.42,0.273,0
740.0,62,0.769,0.633,0
840.0,69,0.626,0.81,1
1900.0,220,0.427,0.157,0
860.0,71,0.448,0.002,1
970.0,95,0.883,0.391,1
850.0,80,4.355,0.371,1
2000.0,254,0.228,0.16,0
399.0,70,8.206,0.868,0
2999.99,260,1.635,0.764,1
550.0,99,8.082,0.645,1
3500.0,500,0.36,0.177,1
1480.0,100,0.743,0.04,1
495.0,62,6.119,0.255,1
714.0,76,7.325,0.635,1
1200.0,185,0.969,0.109,1
635.0,68,0.72,0.594,1
515.0,80,3.718,0.59,0
1550.0,160,0.0,0.008,1
460.0,76,6.554,0.033,0
1880.0,175,0.708,0.575,0
489.0,75,1.833,0.701,1
280.0,68,5.761,0.545,0
199.0,60,4.861,0.459,0
2400.0,200,0.832,0.918,1
489.0,71,1.618,0.921,1
1470.0,125,0.31,0.127,1
1090.0,90,0.109,0.417,1
600.0,120,8.15,0.188,0
340.0,76,10.159,0.451,0
4800.0,231,0.384,0.061,0
417.0,70,2.057,0.906,0
1575.0,414,0.599,0.362,1
1000.0,60,1.265,0.066,1
869.0,141,4.191,0.514,1
3200.0,225,0.088,0.046,1
880.0,100,3.295,0.613,1
368.0,50,0.459,0.523,0
2150.0,120,2.707,0.259,0
1700.0,112,0.463,0.671,1
700.0,86,0.293,0.567,0
185.0,60,5.63,0.182,0
1399.0,230,6.044,0.113,0
239.0,63,8.503,0.53,1
900.0,95,0.91,0.269,1
1380.0,113,0.816,0.742,1
1140.0,103,0.451,0.24,1
490.0,102,13.229,0.677,1
1160.0,95,0.313,0.681,1
270.0,60,5.827,0.114,0
1449.0,85,0.497,0.722,1
700.0,90,0.459,0.426,0
450.0,85,3.769,0.68,0
2300.0,93,0.522,0.27,1
2099.0,160,0.256,0.233,1
320.0,65,9.169,0.74,0
670.0,116,6.291,0.24,0
1200.0,90,0.616,0.547,1
900.0,98,0.137,0.874,1
637.0,42,0.281,0.981,0
295.0,100,7.124,0.254,0
1640.0,216,0.102,0.853,1
800.0,100,0.558,0.942,1
2900.0,154,0.205,0.318,1
465.0,72,4.552,0.719,0
610.0,57,0.377,0.132,1
950.0,65,0.471,0.872,1
530.0,75,6.138,0.346,0
360.0,76,7.896,0.249,0
300.0,60,2.145,0.714,0
1100.0,214,7.42,0.795,1
1260.0,120,1.473,0.04,1
479.0,75,4.133,0.142,0
260.0,75,8.773,0.679,1
799.0,108,1.131,0.361,0
749.0,85,0.404,0.266,0
900.0,111,0.425,0.163,1
590.0,70,1.18,0.588,0
6600.0,170,0.11,0.45,1
850.0,90,0.404,0.968,1
400.0,65,1.554,0.692,0
480.0,85,4.694,0.624,0
1700.0,210,0.515,0.737,1
3200.0,125,1.442,0.465,0
360.0,100,12.552,0.43,0
295.0,80,4.802,0.698,0
1800.0,96,0.375,0.368,1
850.0,93,0.389,0.709,1
440.0,65,6.101,0.97,0
1180.0,100,0.501,0.996,0
330.0,40,7.322,0.518,0
1850.0,180,0.546,0.76,1
407.0,55,1.623,0.341,0
900.0,86,1.652,0.881,1
349.0,62,7.421,0.894,1
380.0,81,13.904,0.529,1
3900.0,224,1.417,0.02,1
1250.0,223,0.887,0.621,1
580.0,135,7.091,0.454,0
665.0,70,0.796,0.375,0
1290.0,140,2.112,0.886,1
290.0,73,7.25,0.458,0
650.0,110,6.68,0.854,1
478.9,170,7.645,0.073,0
2200.0,190,0.369,0.531,1
6900.0,300,0.272,0.898,1
960.0,135,5.999,0.077,0
400.0,32,0.148,0.115,0
690.0,80,1.234,0.695,0
1050.0,90,0.644,0.622,0
850.0,101,0.724,0.598,1
475.0,73,8.538,0.114,1
280.0,55,8.845,0.612,1
420.0,88,5.103,0.991,0
1200.0,83,0.956,0.286,1
210.0,56,7.913,0.465,1
12000.0,500,2.779,0.916,1
520.0,73,1.141,0.533,0
145.0,56,16.335,0.608,0
4450.0,340,0.171,0.385,1
1049.0,110,0.393,0.54,1
649.0,135,1.661,0.551,1
369.0,59,7.353,0.38,0
850.0,62,0.253,0.375,1
950.0,138,4.597,0.184,1
2500.0,175,0.611,0.081,1
850.0,210,4.431,0.131,1
1800.0,94,1.562,0.759,1
3200.0,315,0.429,0.911,0
1130.0,168,4.696,0.475,1
620.0,170,10.484,0.475,0
443.0,70,4.608,0.08,1
220.0,53,17.15,0.718,1
165.0,46,6.643,0.985,1
780.0,87,6.002,0.242,1
274.0,53,3.82,0.082,0
5300.0,215,0.707,0.158,1
1100.0,175,0.913,0.408,0
1280.0,98,1.491,0.605,1
2200.0,170,1.591,0.839,1
3570.0,180,0.6,0.969,1
1300.0,70,0.371,0.615,1
680.0,110,6.372,0.448,0
3890.0,185,0.531,0.241,0
280.0,68,5.911,0.31,0
370.0,57,0.988,0.717,1
404.99,43,2.288,0.058,0
270.0,71,7.542,0.806,1
1100.0,90,1.623,0.246,1
265.0,54,10.353,0.948,0
480.0,42,0.467,0.043,0
380.0,65,6.344,0.967,0
800.0,84,0.145,0.017,0
850.0,81,0.558,0.169,1
1600.0,282,0.25,0.698,0
610.0,91,1.136,0.08,0
3400.0,300,0.069,0.874,1
290.0,105,6.949,0.042,0
737.0,50,0.062,0.81,0
690.0,60,0.277,0.738,0
419.0,74,7.108,0.558,1
1500.0,85,0.046,0.557,0
440.0,121,7.475,0.979,0
495.0,78,0.762,0.594,1
345.0,40,4.867,0.046,0
1760.0,115,0.309,0.813,0
1000.0,70,0.0,0.621,1
995.0,94,0.27,0.246,1
450.0,95,6.077,0.59,0
1300.0,85,2.005,0.293,1
350.0,70,4.93,0.542,0
5200.0,220,0.219,0.701,1
790.0,80,0.711,0.71,0
1150.0,102,1.283,0.096,0
470.0,70,1.14,0.831,0
450.0,70,4.469,0.11,0
3998.0,239,1.831,0.988,1
570.0,130,0.836,0.09,0
859.0,120,2.368,0.603,1
1150.0,120,0.479,0.304,1
275.3,51,5.089,0.702,1
4500.0,150,0.064,0.942,0
1250.0,76,1.013,0.362,1
880.0,50,0.437,0.887,1
260.0,66,6.408,0.372,0
2190.0,134,0.036,0.799,1
450.0,70,8.021,0.863,0
3470.0,200,0.1,0.025,1
690.0,119,1.057,0.073,1
565.0,130,5.047,0.214,0
1099.5,107,1.149,0.333,1
1299.0,104,1.761,0.929,1
1583.0,158,0.325,0.299,1
3850.0,168,0.654,0.356,1
740.0,90,1.255,0.099,0
820.0,114,6.016,0.642,0
470.0,110,0.951,0.059,0
420.0,85,2.518,0.145,0
1300.0,120,0.489,0.791,1
3800.0,140,0.258,0.32,1
285.0,65,10.502,0.675,1
645.0,71,6.374,0.347,0
990.0,185,4.887,0.801,1
1150.0,145,0.673,0.177,1
590.0,76,0.594,0.183,0
4600.0,300,0.14,0.669,1
750.0,110,0.83,0.532,0
260.0,61,9.432,0.855,0
1180.0,189,0.603,0.807,0
190.0,45,1.81,0.696,1
1650.0,109,2.177,0.617,0
1000.0,94,0.323,0.012,1
580.0,53,1.231,0.173,0
980.0,79,2.377,0.168,1
260.0,51,5.957,0.324,0
2350.0,253,0.193,0.049,1
1790.0,146,0.174,0.119,1
342.0,74,5.625,0.655,0
409.0,75,7.368,0.138,0
11000.0,360,0.03,0.47,0
75.0,38,12.493,0.895,0
1980.0,203,0.125,0.408,0
360.0,80,8.777,0.371,0
265.0,69,5.111,0.417,0
2205.0,174,1.111,0.679,0
389.0,68,4.968,0.732,1
4700.0,357,0.017,0.437,1
400.0,38,0.502,0.195,1
380.0,75,5.084,0.206,1
3300.01,300,0.081,0.337,1
1200.0,92,0.122,0.051,0
3150.0,400,2.345,0.379,1
3850.0,226,0.751,0.14,1
900.0,70,0.874,0.502,1
672.6,70,5.826,0.851,0
1300.0,151,5.869,0.913,1
1600.0,220,1.686,0.465,1
190.0,59,6.84,0.938,0
1050.0,125,0.338,0.966,0
1430.0,64,0.229,0.165,1
930.0,107,0.838,0.564,1
600.0,92,1.419,0.134,0
488.0,57,4.817,0.125,1
11000.0,380,0.0,0.717,1
4500.0,113,0.0,0.53,1
1950.0,120,0.389,0.328,0
220.0,45,7.758,0.264,1
540.0,78,5.164,0.094,0
1950.0,120,0.242,0.056,1
1250.0,108,0.348,0.768,1
950.0,70,0.017,0.22,0
1250.0,112,0.183,0.176,1
6300.0,175,0.061,0.031,1
160.0,45,16.739,0.836,0
220.0,64,1.554,0.212,0
757.9,80,0.619,0.582,1
1900.0,107,0.012,0.155,0
2600.0,131,0.18,0.328,1
780.0,76,0.45,0.272,0
267.0,53,5.103,0.963,0
342.0,80,7.868,0.573,1
820.0,68,2.09,0.266,1
680.0,60,0.13,0.219,0
340.0,108,5.957,0.205,0
420.0,63,3.946,0.13,0
320.0,60,3.411,0.924,0
190.0,48,5.391,0.167,0
560.0,37,0.109,0.727,0
1980.0,240,6.323,0.638,1
900.0,100,0.249,0.713,1
1650.0,145,1.051,0.299,1
530.0,45,0.257,0.472,1
250.0,50,6.71,0.145,0
3330.0,225,0.081,0.348,0
3900.0,150,0.358,0.578,1
700.0,100,1.253,0.996,0
1000.0,160,6.565,0.396,1
2380.0,167,0.329,0.977,1
2200.0,220,0.509,0.368,1
2600.0,121,0.259,0.165,1
1050.0,142,6.339,0.763,1
1336.9,91,1.196,0.013,0
1500.0,150,0.427,0.748,0
5000.0,256,0.289,0.733,1
1079.0,114,1.031,0.734,1
2600.0,100,1.336,0.758,1
520.0,37,0.457,0.24,0
2400.0,220,0.621,0.423,0
750.0,90,4.31,0.54,0
675.0,85,4.355,0.868,0
690.0,76,1.584,0.046,0
600.0,140,5.208,0.129,0
400.0,33,0.571,0.052,0
442.0,120,8.2,0.416,0
290.0,68,6.723,0.881,0
750.0,58,0.314,0.753,0
299.0,42,1.406,0.614,0
730.0,96,1.559,0.23,1
799.0,57,0.051,0.237,0
549.0,80,1.174,0.14,0
410.0,100,6.123,0.567,0
1060.0,97,1.314,0.4,1
1850.0,221,1.231,0.612,1
945.0,120,1.319,0.332,1
1380.0,102,0.825,0.352,1
1250.0,110,0.531,0.915,1
568.0,73,5.164,0.126,0
460.0,70,1.951,0.967,0
330.0,80,2.763,0.907,0
446.0,91,3.132,0.521,1
345.0,60,4.572,0.089,0
1300.0,173,5.402,0.607,1
11000.0,2000,0.174,0.309,1
6000.0,330,1.275,0.41,1
1600.0,155,0.132,0.346,0
4307.31,266,1.483,0.698,1
700.0,100,0.895,0.948,0
975.0,96,2.587,0.466,1
265.0,54,13.615,0.929,0
330.0,60,6.042,0.546,0
220.0,56,13.31,0.367,0
630.0,73,0.383,0.598,0
1590.0,191,0.397,0.43,1
470.0,82,8.97,0.248,1
1450.0,69,0.373,0.162,1
665.0,77,1.162,0.001,0
2750.0,221,0.304,0.253,1
190.0,50,7.691,0.528,0
1890.0,194,0.922,0.761,1
4000.0,155,0.176,0.615,0
3900.0,400,0.109,0.866,1
820.0,110,1.112,0.261,1
1980.0,146,0.182,0.639,1
1500.0,130,0.229,0.925,1
695.0,78,6.708,0.885,0
580.0,58,1.468,0.975,0
600.0,60,0.13,0.659,0
1350.0,94,1.096,0.41,1
5700.0,290,0.685,0.988,1
580.0,110,6.133,0.959,0
1000.0,80,2.439,0.237,1
2050.0,138,0.039,0.1,1
630.0,81,5.397,0.117,0
150.0,55,12.189,0.782,0
380.0,110,11.478,0.963,1
270.0,56,5.48,0.798,0
1360.0,136,1.66,0.278,0
1200.0,192,1.315,0.766,0
700.0,145,7.769,0.358,0
1250.0,134,1.248,0.081,0
230.0,35,4.839,0.119,1
495.0,44,0.609,0.615,0
215.0,40,4.057,0.845,0
3500.0,152,0.027,0.035,1
450.0,40,0.648,0.393,0
360.0,70,9.022,0.077,0
598.0,160,3.84,0.015,0
280.0,86,3.512,0.737,0
965.0,110,1.905,0.625,1
580.0,126,4.905,0.934,1
3650.0,91,0.099,0.007,1
1590.0,200,0.322,0.713,1
500.0,42,0.545,0.432,0
400.0,78,7.645,0.067,0
3400.0,256,0.084,0.181,1
700.0,85,0.254,0.964,0
1600.0,323,1.426,0.215,1
1480.0,80,0.311,0.16,1
780.0,80,0.268,0.057,1
1830.8,109,1.991,0.845,1
1475.0,150,0.354,0.19,1
525.0,114,0.771,0.575,0
4500.0,190,0.325,0.178,1
820.0,111,1.636,0.126,1
215.0,50,8.207,0.082,0
543.0,50,0.28,0.722,0
560.0,80,1.173,0.141,0
1500.0,105,1.489,0.096,1
2949.0,278,0.562,0.421,1
650.0,61,1.725,0.067,0
680.0,126,1.29,0.177,0
1100.0,124,6.093,0.074,1
1500.0,130,0.575,0.615,1
7350.0,400,0.219,0.657,1
780.0,56,0.416,0.691,0
12000.0,400,0.0,0.981,1
4000.0,245,2.669,0.904,1
1950.0,240,0.882,0.914,0
750.0,180,2.296,0.115,0
790.0,89,0.25,0.924,0
1900.0,136,0.857,0.382,1
160.0,49,7.658,0.983,0
2350.0,230,0.152,0.144,1
250.0,70,8.293,0.433,0
510.0,32,0.088,0.097,1
524.0,87,2.296,0.056,1
586.0,32,0.403,0.758,0
320.0,90,6.774,0.54,0
280.0,80,4.986,0.43,1
7000.0,400,1.532,0.69,1
780.0,104,1.175,0.234,0
265.0,60,12.324,0.012,0
470.0,71,1.951,0.482,1
420.0,74,4.103,0.335,1
249.0,60,5.706,0.785,0
1950.0,210,0.515,0.373,1
1200.0,120,0.387,0.104,1
399.0,70,6.119,0.86,0
650.0,111,0.595,0.274,1
539.0,81,1.279,0.626,0
5500.0,354,0.161,0.302,0
538.0,84,1.164,0.155,0
16999.0,1000,0.078,0.249,1
4800.0,150,0.376,0.159,0
268.0,55,8.093,0.108,0
2550.0,240,0.339,0.563,1
340.0,69,8.644,0.107,0
480.0,79,7.057,0.063,0
535.0,125,4.103,0.038,0
260.0,86,7.525,0.226,0
1850.0,133,1.181,0.758,1
950.0,110,0.237,0.394,1
1050.0,97,1.325,0.812,1
788.0,129,1.761,0.032,0
1650.0,181,0.314,0.28,1
1380.0,153,5.981,0.611,1
950.0,103,2.226,0.3,1
460.0,74,6.508,0.688,0
285.0,64,5.416,0.714,0
897.0,110,0.384,0.304,1
525.0,90,7.852,0.471,0
2300.0,280,0.485,0.078,1
340.0,59,9.413,0.568,0
500.0,64,6.043,0.207,0
469.0,75,2.729,0.067,0
389.0,67,4.915,0.54,0
620.0,110,6.192,0.22,1
550.0,68,5.741,0.992,1
740.0,69,0.492,0.906,0
790.0,141,6.314,0.309,0
5200.0,173,0.0,0.756,1
170.0,36,7.387,0.928,1
2250.0,130,0.791,0.729,1
145.0,48,11.787,0.182,0
362.0,66,1.947,0.546,0
2950.0,129,1.9,0.511,1
400.0,62,3.247,0.707,0
6800.0,355,0.0,0.246,1
3080.0,134,0.425,0.334,1
5980.0,213,0.224,0.918,1
3900.0,177,0.534,0.656,1
640.0,76,6.648,0.171,1
265.0,53,7.719,0.625,0
550.0,85,7.729,0.111,0
2000.0,280,0.848,0.847,1
2500.0,130,0.026,0.267,1
620.0,80,0.795,0.492,0
1469.5,210,1.87,0.996,1
3500.0,225,0.122,0.666,1
2300.0,150,0.452,0.414,1
679.8,70,1.163,0.338,0
950.0,40,0.286,0.095,1
1390.0,121,0.565,0.437,1
780.0,108,5.718,0.797,0
385.0,60,1.699,0.436,0
900.0,216,3.099,0.47,1
230.0,60,10.666,0.506,0
545.0,120,17.167,0.009,0
2900.0,275,0.146,0.049,0
1200.0,180,6.405,0.529,1
2740.0,150,0.429,0.421,0
245.0,95,5.247,0.469,0
1980.0,230,1.474,0.555,1
4999.99,292,0.033,0.107,1
2200.0,202,0.5,0.525,0
360.0,47,5.54,0.663,0
680.0,90,0.876,0.732,0
2400.0,172,1.825,0.79,1
760.0,128,7.909,0.77,1
680.0,80,6.224,0.824,1
369.0,65,2.114,0.815,0
599.0,127,5.654,0.568,0
1100.0,170,5.989,0.431,1
327.0,59,5.437,0.641,0
725.0,180,1.87,0.238,0
1000.0,100,0.542,0.88,1
371.0,43,1.443,0.278,0
459.99,86,1.052,0.841,0
215.0,50,1.946,0.997,0
3500.0,250,0.451,0.347,1
680.0,63,0.345,0.436,0
675.0,85,4.355,0.577,0
575.0,170,12.006,0.173,1
500.0,80,6.417,0.472,0
395.0,59,6.097,0.447,0
550.0,40,0.427,0.408,0
800.0,68,0.429,0.609,1
1600.0,169,1.679,0.106,1
930.0,111,2.374,0.667,1
743.0,67,4.803,0.091,0
1399.0,75,0.086,0.085,1
1622.0,68,0.522,0.734,1
399.0,70,2.057,0.601,0
3350.0,160,0.0,0.429,1
140.0,50,3.536,0.768,1
2800.0,145,0.526,0.096,1
1900.0,150,0.41,0.109,1
520.0,80,8.012,0.6,0
2050.0,103,0.358,0.435,1
1945.0,123,0.092,0.412,1
3800.0,180,0.129,0.694,1
4500.0,187,0.433,0.187,1
550.0,80,6.619,0.472,0
330.0,66,4.352,0.566,0
600.0,64,0.71,0.414,1
1280.0,87,2.143,0.565,0
2200.0,100,0.234,0.179,1
2699.99,269,1.305,0.6,1
950.0,56,0.27,0.622,1
750.0,50,0.285,0.365,0
900.0,77,2.242,0.835,1
480.0,71,6.146,0.167,1
1800.0,101,2.143,0.117,1
1050.0,80,0.337,0.907,1
990.0,120,0.574,0.877,1
297.0,65,5.103,0.939,0
1890.0,103,0.049,0.456,1
450.0,70,6.903,0.293,0
1990.0,170,0.163,0.832,1
750.0,106,5.555,0.331,0
460.0,81,0.22,0.594,0
1400.0,130,2.21,0.6,0
1100.0,92,0.881,0.272,1
420.0,58,5.672,0.563,1
5250.0,234,0.054,0.026,1
165.0,45,4.23,0.403,0
3500.0,130,0.051,0.577,1
840.0,110,1.028,0.137,1
650.0,78,0.359,0.808,1
1290.0,184,4.328,0.807,1
260.0,46,3.786,0.538,0
4700.0,230,0.013,0.791,1
5700.0,266,1.483,0.709,1
1650.0,169,0.531,0.8,1
260.0,69,12.288,0.299,0
1470.0,156,0.24,0.16,1
1700.0,110,0.505,0.897,1
760.0,81,6.162,0.895,0
540.0,115,0.603,0.276,0
3000.0,140,0.149,0.697,1
1100.0,65,0.121,0.073,0
1900.0,180,1.008,0.403,1
890.0,194,0.191,0.281,1
530.0,65,6.512,0.806,0
1200.0,170,0.787,0.794,1
390.0,90,5.64,0.528,0
1350.0,65,0.31,0.855,0
220.0,58,9.192,0.211,0
600.0,84,2.369,0.495,0
480.0,92,1.345,0.827,0
695.0,93,4.328,0.23,1
1300.0,120,0.171,0.882,0
4800.0,300,0.122,0.235,1
820.0,80,1.069,0.603,0
2100.0,220,0.722,0.771,0
6000.0,185,0.0,0.089,1
955.0,99,5.557,0.622,1
439.0,32,0.372,0.93,0
690.0,60,0.053,0.126,0
2300.0,144,0.309,0.382,0
1400.0,125,0.516,0.609,1
5000.0,265,0.18,0.46,1
1190.0,75,0.121,0.693,0
1400.0,89,0.045,0.406,1
1500.0,90,1.261,0.082,1
1200.0,97,0.728,0.926,1
270.0,66,9.32,0.155,0
1590.0,100,0.179,0.612,0
360.0,63,4.862,0.073,0
1760.0,117,0.533,0.35,1
398.0,78,7.369,0.337,0
735.0,87,6.074,0.149,0
160.0,45,7.37,0.985,0
650.0,135,6.17,0.568,0
420.0,62,0.514,0.119,0
255.0,51,6.068,0.165,0
590.0,140,1.185,0.688,0
590.0,104,2.015,0.109,0
1345.0,152,0.137,0.004,1
2398.0,250,0.699,0.622,1
1200.0,155,0.493,0.82,1
1895.0,180,0.626,0.295,1
630.0,90,1.015,0.667,0
1650.0,110,0.178,0.017,1
550.0,88,6.627,0.807,1
5500.0,440,0.29,0.152,1
450.0,59,5.464,0.9,0
940.0,110,0.599,0.409,0
180.0,51,7.142,0.982,0
20000.0,311,0.0,0.407,1
770.0,80,0.369,0.022,1
3150.0,160,0.257,0.387,1
2850.0,140,0.82,0.397,1
409.0,70,1.467,0.518,1
590.0,66,1.772,0.173,1
430.0,75,4.852,0.935,0
249.0,55,5.577,0.406,0
450.0,80,6.719,0.025,0
349.0,71,9.851,0.41,1
290.0,60,6.86,0.97,0
1800.0,240,5.212,0.664,1
381.0,65,2.114,0.998,0
520.0,87,7.678,0.391,0
228.0,48,2.681,0.701,0
249.0,52,8.235,0.233,0
320.0,50,3.805,0.131,0
620.0,80,6.769,0.107,0
820.0,100,6.597,0.999,1
400.0,79,7.648,0.489,0
750.0,75,1.288,0.607,0
1350.0,65,0.442,0.618,1
950.0,86,0.752,0.452,1
467.3,57,6.575,0.748,0
550.0,32,2.712,0.242,0
530.0,78,5.126,0.595,0
860.0,52,0.038,0.248,1
559.0,97,1.579,0.247,0
904.0,116,7.863,0.39,1
2200.0,125,1.364,0.572,0
888.49,64,0.692,0.444,0
549.0,45,0.53,0.82,0
350.0,80,7.132,0.33,0
385.0,71,1.554,0.524,0
330.0,70,8.006,0.326,0
315.0,72,6.211,0.326,0
285.0,64,7.364,0.032,1
1450.0,166,5.868,0.537,1
8300.0,300,0.06,0.369,1
1950.0,200,1.996,0.553,1
280.0,65,7.741,0.13,0
699.0,86,5.809,0.633,0
850.0,75,1.668,0.387,1
1800.0,191,0.397,0.719,1
1350.0,110,0.925,0.91,1
220.0,40,1.294,0.657,1
380.0,200,0.379,0.979,0
2200.0,200,0.556,0.2,0
2800.0,230,0.074,0.337,1
1450.0,146,4.423,0.677,1
1730.0,110,1.013,0.219,1
870.0,110,0.354,0.591,1
299.0,30,2.057,0.399,0
2200.0,75,0.397,0.332,1
3300.0,300,0.255,0.401,0
380.0,116,12.143,0.819,1
1100.0,130,0.642,0.736,1
1100.0,94,0.993,0.414,1
490.0,82,4.968,0.059,0
850.0,90,5.542,0.207,1
680.0,95,0.969,0.872,1
300.0,65,7.673,0.763,0
1200.0,150,1.559,0.056,1
780.0,74,0.245,0.59,0
1756.3,169,2.242,0.45,1
3300.0,330,0.0,0.851,1
310.0,60,5.111,0.071,0
3300.0,145,0.622,0.005,1
299.0,56,0.621,0.533,1
5700.0,215,0.105,0.185,1
1400.0,212,0.255,0.782,1
790.0,100,0.385,0.686,0
830.0,79,0.131,0.1,1
213.0,63,11.415,0.994,0
560.0,87,1.675,0.156,0
2800.0,110,0.105,0.434,0
2850.0,294,2.148,0.842,1
4200.0,200,0.074,0.19,0
1170.0,100,2.408,0.669,1
450.0,62,1.554,0.889,1
699.0,114,4.167,0.823,0
680.0,88,6.329,0.969,0
1950.0,110,0.0,0.194,1
449.99,84,1.085,0.172,0
220.0,48,7.741,0.012,1
880.0,42,0.659,0.57,0
3400.0,187,2.533,0.195,0
4800.0,200,2.161,0.495,1
1450.0,150,0.34,0.033,1
170.0,40,6.284,0.692,1
3500.0,190,0.654,0.191,1
363.5,75,6.469,0.2,0
1200.0,111,0.527,0.499,1
395.0,78,6.854,0.377,0
2900.0,483,0.23,0.497,1
1590.0,125,0.641,0.357,1
3000.0,346,0.15,0.431,1
599.0,85,3.946,0.638,0
2900.0,315,2.235,0.43,1
950.0,61,0.512,0.787,1
380.0,76,6.051,0.311,0
480.0,63,0.361,0.14,0
4200.0,378,0.012,0.512,1
1700.0,283,0.783,0.696,1
1055.0,110,0.286,0.319,1
345.0,64,2.025,0.581,0
450.0,62,6.133,0.631,0
770.0,110,6.892,0.498,0
2050.0,112,0.358,0.137,1
1820.0,120,0.193,0.074,0
800.0,91,1.698,0.416,0
1240.0,75,0.188,0.515,1
420.0,77,7.691,0.002,0
635.0,70,0.144,0.547,1
1100.0,138,4.673,0.82,1
6300.0,370,0.102,0.297,1
270.0,59,7.233,0.353,0
480.0,40,0.309,0.627,0
1180.0,68,1.778,0.84,1
753.99,98,6.12,0.296,0
2080.0,153,0.432,0.488,1
5500.0,180,0.0,0.444,1
800.0,109,3.295,0.744,0
680.0,60,0.389,0.42,0
415.0,72,3.954,0.986,0
580.0,95,0.307,0.338,0
25000.0,320,0.004,0.469,1
195.0,64,6.488,0.312,0
2000.0,105,0.496,0.938,1
600.0,75,0.137,0.315,0
370.0,53,3.718,0.451,0
550.0,66,4.561,0.379,0
129.5,48,11.834,0.33,0
430.0,32,0.327,0.583,0
5300.0,292,0.033,0.204,1
550.0,50,0.418,0.334,0
1980.0,102,2.464,0.317,1
500.0,91,2.777,0.752,0
2850.0,233,1.555,0.544,0
455.5,90,1.104,0.198,0
1300.0,108,0.065,0.827,1
498.0,78,5.702,0.097,0
3500.0,127,0.181,0.668,1
219.0,34,5.535,0.822,1
1100.0,85,0.785,0.779,1
537.0,150,9.419,0.502,0
700.0,110,0.332,0.584,0
6430.0,420,0.031,0.025,1
350.0,75,4.997,0.731,0
2300.0,300,0.278,0.725,0
3700.0,212,1.945,0.589,1
3360.0,262,0.681,0.001,1
498.0,55,0.192,0.01,0
450.0,77,7.367,0.712,0
260.0,66,7.112,0.128,0
755.0,142,8.174,0.314,0
1500.0,180,3.133,0.355,1
499.99,78,5.164,0.605,0
265.0,70,7.058,0.572,0
850.0,132,6.09,0.809,1
4500.0,264,0.161,0.916,1
750.0,159,5.729,0.34,0
435.0,65,1.998,0.089,0
1150.0,112,2.374,0.493,1
1100.0,93,2.103,0.446,1
5490.0,200,0.509,0.661,1
1050.0,122,7.234,0.827,0
1150.0,85,1.178,0.491,1
680.0,97,5.063,0.702,0
4500.0,150,0.34,0.929,1
1200.0,194,0.966,0.133,0
375.0,58,0.941,0.252,0
2500.0,207,0.219,0.945,1
4000.0,230,1.666,0.603,1
790.0,115,7.653,0.265,0
479.9,80,7.964,0.895,0
6500.0,300,0.403,0.961,1
679.0,70,0.253,0.311,1
550.0,84,0.603,0.033,1
1010.0,110,1.358,0.999,1
290.0,76,6.718,0.049,0
4900.0,280,0.081,0.472,0
530.0,144,9.486,0.426,0
649.7,77,4.167,0.769,0
220.0,50,5.961,0.056,0
3150.0,112,0.563,0.305,1
749.0,107,7.597,0.703,0
1900.0,235,0.509,0.484,0
1590.0,120,1.169,0.61,1
1000.0,70,1.658,0.488,0
529.5,78,1.389,0.442,0
1100.0,149,0.969,0.977,1
980.0,100,2.314,0.188,1
318.0,84,1.554,0.328,0
700.0,88,0.73,0.664,1
687.7,85,4.167,0.728,1
470.0,95,7.333,0.127,0
3150.0,200,1.581,0.521,1
363.0,65,7.46,0.181,0
450.0,60,4.471,0.647,0
650.0,66,0.797,0.279,0
3500.0,300,0.469,0.643,1
1900.0,363,0.39,0.103,1
1080.0,135,0.317,0.279,1
1109.0,111,2.587,0.091,0
250.0,45,7.086,0.353,0
730.0,218,6.138,0.157,0
2350.0,241,1.996,0.489,1
8000.0,319,1.296,0.931,1
2900.0,170,0.472,0.48,1
1160.0,110,2.374,0.891,1
1250.0,119,1.217,0.297,1
760.0,123,4.528,0.689,0
1400.0,220,8.09,0.355,1
730.0,135,0.309,0.247,0
1730.0,120,0.122,0.222,0
1625.0,74,1.251,0.271,0
2900.0,160,1.979,0.408,1
850.0,118,0.88,0.571,1
505.0,75,7.589,0.762,0
2100.0,140,1.554,0.055,1
2380.0,169,0.329,0.509,0
635.0,85,8.308,0.411,0
430.0,61,1.173,0.414,1
265.0,61,6.771,0.622,0
13000.0,160,0.0,0.718,1
1950.0,120,2.581,0.315,1
1700.0,158,0.343,0.233,1
85.0,55,12.769,0.379,0
294.0,69,7.699,0.288,0
1600.0,110,0.732,0.914,0
155.0,50,11.223,0.614,0
1800.0,122,1.844,0.508,1
969.0,95,2.475,0.808,1
3990.0,288,1.483,0.332,1
230.0,48,2.539,0.722,1
880.0,80,0.326,0.828,0
3680.0,219,2.628,0.43,1
720.0,67,0.006,0.197,0
527.0,74,1.267,0.208,0
720.0,105,5.879,0.977,0
553.0,88,8.179,0.878,0
335.0,63,9.162,0.299,1
848.0,86,0.722,0.761,1
310.0,51,5.493,0.592,0
720.0,170,8.287,0.2,0
260.0,63,4.843,0.307,0
1300.0,76,2.639,0.778,1
1400.0,120,4.789,0.079,1
325.0,62,4.114,0.193,0
435.0,69,4.676,0.167,0
919.0,107,0.856,0.734,1
340.0,67,13.641,0.376,0
1300.0,139,0.164,0.806,1
2630.0,245,0.683,0.51,0
1250.0,300,1.283,0.443,1
1299.0,210,1.87,0.463,0
530.0,84,8.297,0.939,0
2500.0,123,1.309,0.356,1
3600.0,150,0.094,0.242,1
2500.0,355,0.641,0.048,1
870.0,67,1.089,0.407,1
545.0,144,1.641,0.422,0
305.0,62,7.095,0.275,0
360.0,54,7.083,0.48,0
1250.0,68,0.347,0.116,1
250.0,45,7.086,0.609,0
480.0,43,1.284,0.001,0
1100.0,97,0.904,0.019,1
980.0,86,5.939,0.335,1
1530.0,89,0.692,0.347,1
800.0,110,0.53,0.633,0
795.0,50,0.134,0.968,0
1460.0,131,0.101,0.977,1
4500.0,330,0.553,0.351,0
340.0,52,5.758,0.849,0
340.0,60,8.432,0.626,1
2100.0,245,0.383,0.814,1
380.0,65,0.36,0.028,0
720.0,140,6.142,0.695,0
3200.0,192,0.152,0.922,0
4750.0,475,1.899,0.194,1
2700.0,136,0.334,0.161,1
610.0,71,6.644,0.076,0
420.0,30,0.468,0.558,0
1800.0,256,5.885,0.299,1
160.0,61,6.878,0.183,0
2800.0,316,0.477,0.504,0
1300.0,130,0.405,0.82,1
160.0,60,7.23,0.444,1
180.0,55,5.633,0.868,0
650.0,150,7.476,0.516,1
2150.0,122,0.188,0.839,0
820.0,75,6.288,0.998,1
870.0,150,1.084,0.506,1
8000.0,430,0.056,0.04,1
510.0,80,5.783,0.429,0
1300.0,162,0.265,0.508,1
180.0,40,7.61,0.547,0
1780.0,165,0.497,0.465,1
2800.0,146,0.32,0.044,0
1035.5,142,4.421,0.491,1
2300.0,110,0.644,0.223,1
1500.0,120,0.298,0.11,0
2900.0,181,1.923,0.705,1
635.0,90,5.648,0.962,0
2499.99,320,1.487,0.652,1
850.0,74,0.523,0.679,1
2500.0,81,0.389,0.824,1
924.0,177,5.033,0.363,1
1800.0,170,0.341,0.464,1
3020.0,300,0.081,0.503,0
2450.0,115,0.015,0.155,1
8000.0,485,0.0,0.589,1
2500.0,240,0.413,0.033,1
890.0,114,4.986,0.769,1
1800.0,120,2.162,0.928,0
510.0,93,9.196,0.845,0
749.0,95,5.455,0.715,0
530.0,87,8.221,0.605,0
250.0,38,2.267,0.885,0
299.0,64,5.992,0.797,1
797.0,120,0.18,0.682,0
590.0,79,6.742,0.318,0
480.0,66,0.894,0.799,1
799.0,85,0.781,0.774,0
510.0,78,1.141,0.127,0
714.0,68,0.429,0.189,0
3889.0,180,0.186,0.933,1
1900.0,150,6.234,0.636,1
797.0,142,4.675,0.75,0
1890.0,160,0.832,0.242,1
395.0,67,7.801,0.837,0
1650.0,208,0.037,0.188,1
1680.0,161,1.901,0.725,1
1710.0,190,0.096,0.472,0
700.0,77,1.63,0.304,0
670.0,55,0.364,0.089,0
590.0,78,4.986,0.174,0
550.0,106,5.652,0.221,0
7400.0,280,0.719,0.04,1
998.0,96,3.295,0.477,1
580.0,107,1.136,0.057,0
500.0,76,7.714,0.303,0
848.0,161,2.057,0.201,1
2500.0,190,0.339,0.433,1
1200.0,100,0.293,0.941,0
530.0,50,6.007,0.759,1
735.0,104,8.299,0.503,0
420.0,68,4.581,0.52,1
593.6,92,5.275,0.024,0
547.0,81,1.103,0.232,0
235.0,70,11.401,0.546,0
1000.0,76,0.575,0.46,1
590.0,89,4.596,0.005,0
790.0,140,7.917,0.022,0
130.0,65,16.754,0.357,0
1400.0,115,0.436,0.172,1
785.0,111,5.523,0.674,0
1800.0,165,0.497,0.965,1
1680.0,87,0.293,0.699,1
1200.0,108,2.092,0.706,0
320.0,32,1.234,0.238,1
190.0,62,9.318,0.982,1
3950.0,224,1.353,0.415,1
468.9,81,2.625,0.305,0
1365.0,90,0.186,0.966,1
2600.0,179,0.428,0.319,1
342.0,63,3.913,0.123,1
649.0,87,1.989,0.364,0
490.0,62,5.302,0.022,0
750.0,109,6.181,0.804,0
1250.0,70,0.348,0.053,1
570.0,59,6.399,0.296,1
1500.0,155,0.623,0.333,1
330.0,50,7.502,0.609,0
580.0,92,6.408,0.163,0
1650.0,95,0.71,0.399,1
1700.0,90,0.76,0.958,1
500.0,38,0.363,0.202,0
2900.0,120,0.17,0.977,0
369.0,70,8.409,0.759,0
630.0,104,6.853,0.219,0
1290.0,167,6.252,0.193,1
790.0,95,6.668,0.255,0
2600.0,120,0.152,0.362,1
1580.0,160,0.499,0.659,0
460.0,75,7.769,0.276,0
710.0,75,7.653,0.783,0
1095.0,131,5.048,0.093,0
590.0,80,1.441,0.32,0
520.0,45,0.403,0.4,0
440.0,77,5.654,0.429,0
630.0,70,1.171,0.352,0
860.0,90,0.332,0.98,1
990.0,60,0.286,0.218,1
368.0,66,4.268,0.002,0
1159.99,160,4.411,0.034,1
3000.0,294,2.331,0.704,0
1360.0,85,0.488,0.019,1
1400.0,133,3.064,0.813,0
190.0,51,7.22,0.417,0
950.0,154,3.869,0.959,1
2449.99,128,0.026,0.62,1
495.0,77,6.143,0.742,1
385.0,65,7.007,0.305,0
1080.0,150,0.226,0.101,1
739.0,170,6.789,0.522,0
2780.0,278,0.651,0.702,0
790.0,110,6.597,0.154,0
800.0,85,1.509,0.721,0
580.8,88,4.455,0.677,0
1980.0,122,0.188,0.592,1
401.0,52,5.73,0.538,0
585.0,85,4.39,0.642,1
1200.0,118,0.975,0.05,1
2999.0,290,0.256,0.797,1
700.0,96,0.068,0.787,0
1050.0,137,4.629,0.63,0
369.0,64,1.938,0.604,0
1421.0,155,4.02,0.478,0
330.0,80,6.534,0.681,0
2180.0,105,1.099,0.851,1
750.0,86,0.241,0.768,0
700.0,111,7.329,0.776,1
1590.0,280,0.204,0.956,1
499.0,156,8.283,0.105,1
2000.0,205,1.306,0.75,0
600.0,45,0.534,0.122,0
850.0,79,0.061,0.761,1
1400.0,100,0.285,0.903,0
600.0,66,1.974,0.526,0
700.0,85,0.185,0.345,0
418.0,77,1.938,0.908,0
2420.0,111,0.485,0.831,1
950.0,89,0.639,0.813,1
689.0,85,5.048,0.663,0
720.0,113,8.727,0.514,0
2100.0,137,2.103,0.91,1
700.0,65,0.358,0.686,0
685.0,89,4.847,0.403,0
520.0,81,1.279,0.305,1
2950.0,140,0.131,0.754,1
440.0,91,4.487,0.39,0
700.0,62,0.769,0.0,0
5690.5,266,1.067,0.778,1
4500.0,220,0.266,0.844,1
350.0,110,6.787,0.162,0
350.0,87,7.955,0.924,0
3200.0,344,0.576,0.358,1
650.0,71,1.88,0.793,0
420.0,68,5.768,0.864,0
444.0,67,4.619,0.078,0
980.0,65,0.714,0.052,1
334.0,80,4.114,0.393,0
2650.0,245,0.454,0.636,1
140.0,50,7.786,0.604,0
1165.0,130,1.82,0.325,1
1300.0,190,1.173,0.602,1
270.0,80,9.416,0.161,0
7500.0,280,0.15,0.173,1
5190.0,180,0.342,0.448,1
11000.0,263,0.0,0.379,1
498.9,89,4.134,0.648,0
2100.0,60,0.11,0.292,1
795.0,90,0.308,0.158,1
2000.0,83,0.472,0.508,0
850.0,130,0.741,0.284,1
1800.0,103,0.205,0.181,1
629.0,80,1.245,0.88,0
1350.0,70,0.657,0.739,1
730.0,78,1.772,0.686,0
1300.0,132,6.25,0.495,1
4700.0,193,0.443,0.78,1
7400.0,270,0.133,0.3,1
450.0,100,0.454,0.995,0
330.5,51,4.77,0.175,0
15000.0,1203,0.003,0.011,0
920.0,65,2.001,0.736,1
260.0,87,7.666,0.869,0
1200.0,100,0.542,0.021,1
797.0,180,4.763,0.537,0
450.0,65,7.854,0.81,1
550.0,70,5.001,0.421,0
420.0,104,4.132,0.586,0
265.0,70,6.73,0.566,0
170.0,51,15.335,0.548,0
450.0,81,6.773,0.278,0
2700.0,180,0.1,0.479,1
560.0,70,6.871,0.777,1
720.0,85,6.715,0.737,1
900.0,101,0.985,0.798,1
235.0,62,5.918,0.84,0
750.0,73,0.044,0.95,0
1420.0,76,0.433,0.831,1
910.0,90,0.239,0.883,1
2700.0,88,0.042,0.703,1
700.0,36,0.285,0.64,0
1230.0,94,0.292,0.155,1
925.0,190,5.375,0.826,1
300.0,65,7.719,0.432,0
9500.0,395,0.276,0.662,1
2400.0,136,1.081,0.082,1
600.0,32,2.607,0.741,0
1333.7,140,0.207,0.059,1
2690.0,256,4.423,0.664,1
4000.0,177,2.196,0.791,0
450.0,35,0.173,0.625,0
250.0,56,7.433,0.874,0
950.0,210,1.28,0.267,1
650.0,124,8.268,0.942,0
350.0,73,4.379,0.44,0
550.0,49,1.191,0.726,0
1149.0,145,1.545,0.884,1
322.0,57,8.742,0.922,0
890.0,128,4.967,0.152,1
465.0,40,0.127,0.9,0
1520.0,153,0.433,0.557,0
1480.0,130,0.215,0.072,1
820.0,111,1.713,0.824,1
1000.0,80,0.078,0.98,1
550.0,83,5.977,0.404,0
1365.0,122,0.688,0.565,1
1600.0,95,0.559,0.151,0
590.0,68,4.421,0.36,0
2250.0,220,0.442,0.113,1
980.0,107,0.509,0.158,1
996.99,119,4.411,0.917,0
789.0,99,4.216,0.287,0
560.0,68,0.266,0.774,1
240.0,55,6.655,0.465,0
530.0,33,0.375,0.248,0
386.0,67,5.426,0.649,0
400.0,74,6.646,0.11,0
480.0,78,4.852,0.853,0
1600.0,200,0.735,0.893,1
3580.0,135,0.368,0.257,1
290.0,49,4.359,0.545,1
1380.0,56,0.321,0.194,0
430.0,61,1.173,0.777,0
1100.0,90,0.174,0.714,1
1750.0,138,0.021,0.132,1
1290.0,146,3.295,0.407,1
3800.0,400,1.032,0.388,1
1480.0,222,0.108,0.571,1
790.0,120,7.313,0.865,0
2900.0,380,0.747,0.124,1
1370.0,170,4.389,0.086,1
740.0,100,7.06,0.629,0
380.0,38,0.204,0.624,0
1612.0,162,2.295,0.701,1
930.0,125,4.455,0.623,0
299.0,50,7.143,0.687,0
480.0,60,9.215,0.137,0
3590.0,120,0.368,0.036,1
700.0,55,0.538,0.405,0
590.0,70,0.492,0.508,0
315.0,85,5.016,0.784,0
900.0,184,5.383,0.007,0
588.0,110,5.8,0.009,0
1700.0,150,0.235,0.002,0
940.0,133,0.214,0.848,1
2190.0,201,0.51,0.994,1
1400.0,200,6.101,0.048,1
4990.0,223,0.056,0.411,1
2980.0,180,1.882,0.794,1
1260.0,196,8.568,0.116,0
7600.0,360,0.126,0.898,1
2980.0,300,0.003,0.318,1
1080.0,137,4.816,0.673,1
985.0,120,1.271,0.82,1
330.0,91,5.351,0.431,0
250.0,45,4.643,0.599,0
650.0,112,6.523,0.231,1
1050.0,103,1.444,0.514,1
740.0,72,0.397,0.822,0
7300.0,350,0.372,0.914,1
490.0,100,6.735,0.012,0
5250.0,800,0.237,0.7,1
430.0,70,6.147,0.888,1
1690.0,230,1.713,0.844,1
1949.0,230,2.263,0.875,1
684.0,94,8.836,0.246,1
650.0,40,0.162,0.959,0
2700.0,114,0.307,0.138,1
2500.0,107,0.523,0.454,1
1360.0,400,0.998,0.854,1
1250.0,123,1.624,0.915,1
589.0,75,6.369,0.96,0
270.0,58,9.136,0.441,1
220.0,55,7.952,0.175,0
4000.0,350,0.191,0.255,1
1200.0,120,0.863,0.205,1
420.0,85,7.335,0.487,0
2300.0,220,0.824,0.2,1
2100.0,220,0.425,0.978,1
20000.0,400,1.567,0.438,1
1200.0,80,0.213,0.176,1
2250.0,105,0.118,0.72,1
399.0,85,12.407,0.745,0
630.0,61,1.173,0.655,1
633.1,77,4.167,0.854,0
250.0,54,5.639,0.758,0
248.0,61,11.884,0.32,0
475.0,50,0.997,0.708,0
2050.0,115,2.039,0.478,1
2850.0,242,0.544,0.907,1
1150.0,80,0.213,0.473,0
850.0,81,0.936,0.416,1
920.0,100,0.791,0.649,1
470.0,73,2.729,0.004,0
1200.0,82,0.75,0.335,1
700.0,121,5.397,0.585,0
2520.0,170,2.713,0.061,1
2500.0,190,0.223,0.69,1
5900.0,285,2.546,0.453,1
735.0,115,0.151,0.609,0
430.0,73,6.513,0.321,0
750.0,200,7.488,0.576,0
9000.0,400,1.17,0.926,1
2050.0,117,0.646,0.879,0
255.0,59,5.558,0.64,0
1100.0,110,1.525,0.843,1
340.0,68,6.745,0.587,0
480.0,78,6.46,0.924,0
420.0,30,0.239,0.642,1
790.0,98,1.016,0.084,1
990.0,281,1.099,0.313,0
1580.0,80,0.311,0.286,1
895.0,100,1.554,0.429,1
2350.0,110,0.181,0.218,1
170.0,54,11.223,0.549,0
1500.0,122,1.091,0.722,1
220.0,98,7.261,0.817,0
380.0,93,9.4,0.97,0
7900.0,250,0.0,0.493,1
3150.0,108,0.014,0.003,1
730.0,98,5.164,0.093,1
579.0,98,1.969,0.102,0
749.0,75,0.337,0.759,1
980.0,92,0.956,0.241,1
3000.0,117,0.092,0.857,1
780.0,114,1.287,0.401,0
1170.0,145,6.291,0.495,1
2740.0,130,0.524,0.005,1
230.0,70,2.997,0.47,0
285.0,52,4.572,0.996,0
2520.0,170,2.713,0.415,1
980.0,130,1.2,0.412,1
729.0,126,5.397,0.768,0
3399.0,152,0.055,0.598,0
1200.0,134,1.597,0.721,1
850.0,65,1.299,0.139,1
17000.0,500,0.031,0.528,1
617.0,75,5.2,0.021,0
2450.0,308,0.377,0.648,1
2250.0,85,0.884,0.23,1
360.0,55,0.36,0.235,0
850.0,83,0.242,0.477,1
3200.0,470,0.174,0.42,1
6900.0,330,0.654,0.749,1
1700.0,145,0.177,0.808,1
1390.0,110,1.111,0.856,1
7200.0,317,0.46,0.697,0
845.0,60,0.159,0.966,1
160.0,51,10.441,0.106,0
382.5,70,7.749,0.871,0
1200.0,68,2.258,0.302,1
798.0,84,1.111,0.91,1
2100.0,230,0.465,0.258,0
1499.0,96,1.502,0.057,0
700.0,140,6.22,0.794,0
1700.0,208,5.061,0.979,1
1250.0,78,1.514,0.589,1
330.0,51,7.691,0.318,0
265.0,58,7.233,0.97,0
12500.0,362,0.356,0.473,1
390.0,117,6.39,0.091,0
565.0,82,1.279,0.074,0
825.0,110,5.699,0.377,1
3900.0,307,2.148,0.055,1
4700.0,148,12.495,0.149,1
670.0,62,0.896,0.56,0
350.0,110,4.96,0.867,1
430.0,88,6.689,0.403,1
1250.0,96,0.757,0.84,1
175.0,60,8.708,0.826,0
3500.0,260,0.368,0.461,1
950.0,79,0.181,0.83,1
1890.0,90,1.469,0.54,1
1890.0,102,1.281,0.995,1
1418.0,200,5.164,0.058,1
790.0,72,0.474,0.713,0
3800.0,185,0.087,0.385,0
14900.0,400,0.406,0.006,1
950.0,140,0.525,0.367,1
715.0,78,1.82,0.913,0
1270.0,94,0.342,0.61,1
635.0,85,1.164,0.368,0
900.0,90,1.255,0.586,1
1060.0,120,0.563,0.56,1
16000.0,356,0.062,0.039,1
750.0,66,0.145,0.55,1
450.0,72,2.729,0.756,0
700.0,70,0.873,0.151,0
449.0,77,5.108,0.243,0
735.0,124,1.829,0.169,0
800.0,73,1.197,0.994,0
698.99,180,3.106,0.826,0
415.0,90,0.909,0.802,1
280.0,80,5.018,0.029,0
345.0,90,5.935,0.927,0
960.0,89,2.417,0.285,1
435.0,45,0.708,0.176,0
1600.0,127,0.956,0.411,1
650.0,35,0.805,0.528,1
2200.0,200,0.166,0.372,1
205.0,53,6.701,0.104,0
360.0,55,5.735,0.038,0
2800.0,169,0.058,0.877,1
14000.0,380,1.554,0.229,1
970.0,180,1.079,0.188,0
1500.0,134,0.642,0.987,1
896.0,93,0.753,0.76,1
950.0,62,0.329,0.316,1
2249.0,130,1.3,0.406,1
1269.0,100,0.315,0.711,1
299.5,59,5.732,0.559,0
790.0,108,5.705,0.562,1
1580.0,204,1.2,0.308,1
899.0,115,0.508,0.301,1
1390.0,95,0.99,0.204,1
390.0,70,8.269,0.696,0
1760.0,71,0.084,0.548,1
750.0,70,1.548,0.294,0
760.0,121,6.179,0.498,0
190.0,36,5.525,0.142,0
350.0,60,8.985,0.095,1
329.9,72,12.276,0.145,0
3500.0,159,0.346,0.203,1
490.0,90,6.16,0.778,0
1890.0,115,0.22,0.127,0
200.0,88,12.192,0.922,0
338.4,82,9.411,0.85,0
420.0,74,5.916,0.716,0
900.0,100,4.065,0.607,0
600.0,76,7.714,0.417,1
2500.0,193,0.42,0.664,1
1550.0,150,1.183,0.237,1
3800.0,304,0.043,0.601,0
1700.0,408,0.275,0.489,0
370.0,69,1.951,0.78,0
848.0,150,1.05,0.594,1
4500.0,333,1.641,0.879,1
380.0,78,11.586,0.815,0
675.0,130,6.715,0.888,0
930.0,100,0.405,0.924,1
399.0,65,3.946,0.429,0
899.0,120,0.56,0.603,1
2200.0,100,0.497,0.8,1
380.0,60,4.875,0.698,0
670.0,55,0.167,0.618,0
3500.0,289,0.03,0.183,0
449.0,60,7.716,0.592,1
1050.0,73,0.395,0.06,1
6000.0,201,0.499,0.933,0
389.0,66,4.852,0.881,0
850.0,62,0.253,0.06,0
1650.0,100,0.294,0.674,1
144.0,43,4.188,0.724,1
1250.0,102,0.398,0.037,1
1140.0,130,6.031,0.576,1
330.0,70,3.883,0.936,0
3200.0,133,0.633,0.095,1
2200.0,137,0.0,0.621,1
325.0,60,8.31,0.664,1
1020.0,80,0.277,0.82,0
648.0,77,4.167,0.394,0
1390.0,86,2.425,0.928,1
289.0,30,2.057,0.467,1
1200.0,148,0.409,0.833,1
1090.0,108,2.601,0.168,1
234.0,60,2.974,0.095,0
240.0,57,10.927,0.283,0
370.0,58,7.0,0.928,0
490.0,68,4.469,0.698,1
530.0,73,4.853,0.007,1
1730.0,184,1.395,0.224,0
1500.0,130,0.47,0.546,1
170.0,65,11.968,0.674,0
680.0,70,1.099,0.282,0
1450.0,115,1.926,0.945,1
494.0,35,0.248,0.376,0
2800.0,304,2.418,0.489,1
400.0,100,9.574,0.16,0
1850.0,160,1.121,0.624,1
1390.0,127,2.059,0.207,0
345.0,66,5.089,0.381,0
3000.0,176,0.702,0.28,1
2000.0,200,0.131,0.358,1
3900.0,152,2.547,0.686,0
525.0,101,7.763,0.739,0
850.0,82,0.701,0.698,1
550.0,74,1.39,0.8,0
745.0,103,1.146,0.961,0
1690.0,105,0.0,0.503,1
1790.0,165,0.809,0.233,1
770.0,64,1.548,0.22,1
829.0,110,0.771,0.491,1
160.0,51,8.726,0.494,0
990.0,155,1.231,0.195,0
840.0,84,0.362,0.324,1
1200.0,250,0.525,0.239,0
1150.0,153,6.027,0.778,1
1750.0,91,0.442,0.416,1
657.7,77,4.167,0.508,0
1600.0,216,0.553,0.762,0
532.86,90,2.768,0.147,0
990.0,160,0.656,1.0,0
680.0,105,0.849,0.79,0
465.0,74,7.873,0.658,0
288.98,67,5.931,0.518,0
1300.0,100,0.341,0.029,1
1300.0,125,1.624,0.186,0
345.0,29,0.868,0.104,1
800.0,100,7.329,0.786,0
1150.0,146,1.084,0.972,0
399.0,66,1.336,0.753,1
5500.0,297,0.302,0.195,1
800.0,83,0.138,0.54,1
1800.0,167,5.857,0.884,0
6500.0,348,0.112,0.34,1
1590.0,130,0.261,0.879,0
700.0,75,0.566,0.88,0
650.0,75,6.374,0.352,0
299.0,65,10.397,0.724,1
370.0,61,4.413,0.782,1
205.0,52,8.826,0.055,1
1300.0,67,0.289,0.681,1
570.0,92,4.411,0.859,0
780.0,87,1.206,0.622,0
639.0,87,1.579,0.358,0
995.0,70,1.745,0.648,1
579.0,144,9.486,0.171,0
385.0,72,7.83,0.061,0
1260.0,145,0.382,0.013,0
350.0,45,1.838,0.452,0
420.0,80,4.523,0.179,0
280.0,50,7.662,0.262,0
3299.0,150,0.083,0.313,1
1800.0,169,1.72,0.961,1
800.0,70,0.187,0.922,0
1690.0,136,6.109,0.887,1
999.0,108,0.12,0.459,0
690.0,50,1.772,0.376,0
120.0,52,5.851,0.224,0
860.0,62,0.541,0.791,1
420.0,66,6.875,0.007,0
1400.0,130,1.182,0.245,0
640.0,87,5.896,0.047,0
2500.0,206,0.651,0.403,1
215.0,50,7.816,0.719,1
580.0,83,0.761,0.842,0
940.0,90,5.562,0.238,0
1095.0,112,0.774,0.294,0
750.0,64,0.344,0.211,0
549.0,71,6.216,0.339,1
475.0,90,7.778,0.086,0
950.0,79,0.181,0.464,1
3800.0,296,1.641,0.039,0
2100.0,116,0.563,0.453,1
875.0,96,1.209,0.53,1
630.0,78,7.06,0.009,0
433.0,79,1.087,0.744,0
1700.0,150,6.17,0.676,1
5650.0,256,0.322,0.549,0
2300.0,85,0.125,0.386,0
690.0,110,1.492,0.248,1
700.0,72,0.322,0.845,1
1650.0,60,0.236,0.773,1
2100.0,194,0.162,0.179,1
550.0,88,1.394,0.399,1
575.0,88,7.368,0.198,0
1680.0,95,1.802,0.803,1
1200.0,176,7.809,0.074,1
2730.0,273,2.666,0.513,1
2200.0,220,2.26,0.008,1
530.0,75,4.411,0.988,0
500.0,100,1.29,0.93,0
2300.0,113,2.342,0.371,1
915.0,85,0.863,0.112,1
990.0,124,7.791,0.815,0
650.0,65,4.561,0.506,0
230.0,65,5.094,0.455,0
430.0,64,1.565,0.285,0
651.9,98,5.916,0.026,0
679.0,96,5.495,0.319,0
8500.0,373,1.342,0.636,1
180.0,25,1.425,0.181,0
880.0,100,0.262,0.679,1
735.0,64,0.47,0.132,0
1290.0,114,1.217,0.962,1
1880.0,220,0.45,0.491,1
680.0,75,4.593,0.357,0
280.0,65,2.468,0.802,0
735.0,78,1.82,0.148,1
560.0,80,1.124,0.474,0
220.0,48,8.322,0.675,0
2100.0,180,0.513,0.754,0
630.0,98,8.341,0.563,0
630.0,108,1.238,0.365,0
799.0,167,5.468,0.411,0
1500.0,105,2.024,0.131,1
743.0,73,4.803,0.815,0
1250.0,195,0.407,0.38,1
1490.0,105,0.874,0.943,0
140.0,48,9.486,0.555,0
999.0,148,8.528,0.427,1
500.0,81,5.343,0.628,0
550.0,80,4.538,0.054,1
500.0,38,1.663,0.545,0
1000.0,118,0.273,0.991,1
466.6,69,1.911,0.92,0
189.0,55,7.043,0.869,0
438.0,81,8.2,0.7,1
2300.0,104,2.42,0.85,0
399.3,70,7.041,0.379,1
1750.0,95,1.469,0.879,1
740.0,84,0.707,0.649,0
590.0,113,1.67,0.133,0
750.0,158,6.191,0.818,1
570.0,60,0.985,0.736,0
3000.0,140,0.062,0.661,1
315.0,55,8.041,0.618,0
390.0,78,6.52,0.55,0
1090.0,92,0.881,0.874,1
3355.0,376,1.554,0.298,1
1200.0,130,1.325,0.407,1
1750.0,160,0.311,0.409,1
460.0,80,6.639,0.458,0
500.0,65,6.915,0.828,1
8000.0,340,0.135,0.162,1
450.0,84,0.831,0.341,0
870.0,103,12.732,0.747,1
3700.0,350,0.374,0.065,0
945.0,45,0.267,0.148,1
220.0,55,6.962,0.604,0
1150.0,181,1.852,0.038,1
800.0,55,0.068,0.224,0
280.0,75,4.277,0.956,1
1750.0,169,0.049,0.959,1
750.0,69,0.156,0.675,0
860.0,67,0.108,0.792,1
210.0,36,8.116,0.744,0
900.0,107,3.295,0.475,1
140.0,63,6.47,0.294,0
1380.0,104,2.26,0.651,1
3500.0,137,1.889,0.929,1
1890.0,150,1.261,0.337,1
1400.0,181,0.601,0.332,1
530.0,80,4.919,0.203,0
300.0,70,2.439,0.777,0
350.0,30,0.363,0.818,1
1499.0,94,1.404,0.254,1
1350.0,77,0.233,0.592,1
339.0,70,0.454,0.528,1
370.0,96,1.033,0.93,0
600.0,105,4.729,0.16,0
1980.0,270,0.14,0.986,1
1485.0,156,2.293,0.997,1
698.0,135,10.644,0.829,0
790.0,109,5.164,0.269,0
300.0,76,4.483,0.656,0
990.0,90,0.644,0.034,1
490.0,65,6.003,0.441,0
180.0,50,8.102,0.024,0
800.0,134,4.167,0.788,0
3900.0,400,0.0,0.234,1
815.0,120,1.222,0.79,0
420.0,30,0.267,0.996,0
1050.0,110,2.374,0.477,1
266.64,50,4.161,0.501,0
375.0,65,5.951,0.251,0
365.0,78,5.794,0.848,0
1800.0,198,0.551,0.641,1
690.0,80,1.652,0.203,0
3700.0,175,0.128,0.013,1
8000.0,280,0.118,0.676,1
1020.0,90,2.187,0.878,1
599.0,96,7.007,0.2,0
2900.0,470,0.13,0.015,1
440.0,71,7.738,0.086,1
850.0,158,1.569,0.053,1
1400.0,170,1.354,0.49,1
3700.0,309,0.374,0.981,1
789.99,78,1.772,0.438,0
735.0,65,0.399,0.971,0
1071.0,210,0.868,0.85,1
585.0,67,6.457,0.695,0
180.0,50,7.483,0.704,0
539.9,90,0.794,0.466,1
1100.0,84,0.454,0.381,1
1195.0,276,1.366,0.94,1
1100.0,190,1.156,0.015,1
16000.0,250,0.0,0.088,1
400.0,65,4.058,0.789,0
200.0,95,8.092,0.891,0
820.0,85,0.376,0.606,1
950.0,40,0.245,0.587,1
6500.0,250,0.0,0.985,1
900.0,100,5.249,0.197,1
339.0,50,7.882,0.835,0
580.0,45,0.338,0.057,0
1750.0,150,0.602,0.591,1
900.0,106,0.56,0.635,0
735.0,70,0.479,0.753,1
900.0,128,8.594,0.37,0
800.0,70,0.253,0.421,0
190.0,55,8.945,0.681,1
550.0,94,0.774,0.028,0